Scientific name,Common name,"IUCN Red List(2009)Category","IUCN RedList (2010)Category","Reason forchange","Red Listversion"
MAMMALS,,,,,
Apomys insignis,Mindanao Montane Forest Mouse,NT,LC,N,2010
Calomys hummelincki,Hummelinck's Vesper Mouse,VU,LC,N,2010
Calyptophractus retusus,Greater Fairy Armadillo,NT,DD,N,2010
Chaetodipus goldmani,Goldman's Pocket Mouse,VU,NT,N,2010
Dendrolagus mbaiso,Dingiso,CR,EN,N,2010
Eupetaurus cinereus,Woolly Flying Squirrel,DD,EN,N,2010
Gerbillus gleadowi,Little Hairy-footed Gerbil,NT,LC,N,2010
Hyperacrius fertilis,Burrowing Vole,VU,NT,N,2010
Lonchophylla hesperia,Western Nectar Bat,VU,NT,N,2010
Microakodontomys transitorius,Transitional Colilargo,VU,EN,N,2010
Myrmecophaga tridactyla,Giant Anteater,NT,VU,N,2010
Octodon lunatus,Moon-toothed Degu,VU,NT,N,2010
Paramelomys levipes,Papuan Lowland Paramelomys,DD,LC,N,2010
Petaurista magnificus,Hodgson's Giant Flying Squirrel,NT,LC,N,2010
Petaurista nobilis,Bhutan Giant Flying Squirrel,VU,NT,N,2010
Praomys delectorum,East African Praomys,NT,LC,N,2010
Proechimys goeldii,Goeldi's Spiny Rat,VU,LC,N,2010
Proechimys roberti,Roberto's Spiny Rat,VU,LC,N,2010
Pteropus capistratus,Bismarck Flying Fox,EN,NT,N,2010
Pteropus insularis,Ruck Flying Fox,DD,CR,N,2010
Ratufa indica,Indian Giant Squirrel,NT,LC,N,2010
Reithrodontomys microdon,Small-toothed Harvest Mouse,VU,LC,N,2010
Rhinolophus hillorum,Upland Horseshoe Bat,VU,NT,N,2010
Rhipidomys modicus,Peruvian Rhipidomys,NT,LC,N,2010
Scotonycteris ophiodon,Pohle's Fruit Bat,VU,NT,N,2010
Styloctenium wallacei,Stripe-face d Fruit Bat,VU,NT,N,2010
Tadarida petersoni,Peterson's Free-tailed Bat,VU,NT,N,2010
Uromys neobritannicus,Bismarck Giant Rat,EN,NT,N,2010
BIRDS,,,,,
Amytornis dorotheae,Carpentarian Grasswren,NT,VU,N,2010
Balearica pavonina,Black Crowned-crane,NT,VU,G,2010
Bucorvus cafer,Southern Ground-hornbill,LC,VU,N,2010
Calidris tenuirostris,Great Knot,LC,VU,G,2010
Chaetura pelagica,Chimney Swift,LC,NT,G,2010
Cinclodes palliatus,White-bellied Cinclodes,EN,CR,N,2010
Coturnix japonica,Japanese Quail,LC,NT,N,2010
Crax globulosa,Wattled Curassow,VU,EN,N,2010
Crex crex,Corncrake,NT,LC,N,2010
Cyanolimnas cerverai,Zapata Rail,EN,CR,G,2010
Cyrtonyx ocellatus,Ocellated Quail,NT,VU,N,2010
Dicrurus waldenii,Mayotte Drongo,EN,VU,N,2010
Emberiza jankowskii,Rufous-backed Bunting,VU,EN,G,2010
Falco cherrug,Saker Falcon,EN,VU,N,2010
Francolinus swierstrai,Swierstra's Francolin,VU,EN,N,2010
Gallinago macrodactyla,Madagascar Snipe,NT,VU,N,2010
Gavia adamsii,Yellow-billed Loon,LC,NT,N,2010
Loxia scotica,Scottish Crossbill,DD,LC,N,2010
Monarcha julianae,Black-backed Monarch,DD,VU,N,2010
Mulleripicus pulverulentus,Great Slaty Woodpecker,LC,VU,N,2010
Neotis ludwigii,Ludwig's Bustard,LC,EN,N,2010
Nesofregetta fuliginosa,White-throated Storm-petrel,VU,EN,N,2010
Numenius madagascariensis,Far Eastern Curlew,LC,VU,G,2010
Ognorhynchus icterotis,Yellow-eared Parrot,CR,EN,G,2010
Phoebastria immutabilis,Laysan Albatross,VU,NT,N,2010
Picumnus limae,Ochraceous Piculet,VU,LC,N,2010
Psarocolius cassini,Baudo Oropendola,VU,EN,N,2010
Pycnonotus priocephalus,Grey-headed Bulbul,LC,NT,N,2010
Pyrrhula murina,Azores Bullfinch,CR,EN,N,2010
Robsonius rabori,Rusty-faced Babbler,NT,VU,N,2010
Sitta whiteheadi,Corsican Nuthatch,LC,VU,N,2010
Spheniscus demersus,African Penguin,VU,EN,G,2010
Spizaetus isidori,Black-and-chestnut Eagle,NT,VU,N,2010
Stachyris herberti,Sooty Babbler,NT,LC,N,2010
Sturnus melanopterus,Black-winged Starling,EN,CR,G,2010
Syrmaticus ellioti,Elliot's Pheasant,VU,NT,N,2010
Tachybaptus rufolavatus,Alaotra Grebe,CR,EX,N,2010
Tanysiptera ellioti,Kofiau Paradise-kingfisher,DD,EN,N,2010
Thalassarche eremita,Chatham Albatross,CR,VU,N,2010
REPTILES,,,,,
Cuora yunnanensis,Yunnan Box Turtle,EX,CR,N,2010
Aprasia aurita,Eared Worm-lizard,VU,CR,G,2010
Bradypodion setaroi,Setaro's Dwarf Chameleon,EN,LC,N,2010
Bradypodion taeniabronchum,Smith's Dwarf Chamaeleon,CR,EN,N,2010
Cordylus spinosus,Spiny Crag Lizard,LR/nt,LC,N,2010
Ctenosaura oedirhina,Roatán Spiny-tailed Iguana,CR,EN,N,2010
Echiopsis curta,Bardick,VU,NT,N,2010
Elachistodon westermanni,Indian Egg-eater,DD,LC,N,2010
Epicrates inornatus,Yellow Tree Boa,LR/nt,LC,N,2010
Goniurosaurus kuroiwae,Kuroiwa's Ground Gecko,VU,EN,N,2010
Iguana delicatissima,Lesser Antillean Iguana,VU,EN,G,2010
Lamprophis fiskii,Fisk's House Snake,VU,DD,N,2010
Lepidoblepharis montecanoensis,Paraguanan Ground Gecko,CR,DD,N,2010
Liolaemus constanzae,Constanze's Tree Iguana,DD,LC,N,2010
Liolaemus hellmichi,Hellmich's Tree Iguana,DD,LC,N,2010
Lygosoma haroldyoungi,Banded Supple Skink,DD,LC,N,2010
Lygosoma koratense,Korat Supple Skink,DD,LC,N,2010
Oligosoma fallai,Falla's Skink,LR/nt,VU,N,2010
Oligosoma notosaurus,Southern Skink,LR/lc,DD,N,2010
Oligosoma oliveri,Marbled Skink,LR/lc,NT,N,2010
Oligosoma otagense,Otago Skink,VU,EN,G,2010
Phoboscincus bocourti,Bocourt's Eyelid Skink,DD,EN,N,2010
AMPHIBIANS,,,,,
Amietia vandijki,,DD,LC,N,2010
Anhydrophryne ngongoniensis,Mistbelt Chirping Frog,CR,EN,N,2010
Arthroleptella drewesii,Drewes’ Moss Frog,DD,NT,N,2010
Breviceps bagginsi,,DD,VU,N,2010
Breviceps gibbosus,Giant Rain Frog,VU,NT,N,2010
Breviceps sopranus,Whistling Rain Frog,DD,LC,N,2010
Breviceps sylvestris,Forest Rain Frog,VU,EN,N,2010
Cacosternum capense,Cape Dainty Frog,VU,NT,N,2010
Cacosternum karooicum,Karoo Dainty Frog,DD,LC,N,2010
Cacosternum striatum,Striped Caco,DD,LC,N,2010
Ghatixalus variabilis,,DD,EN,N,2010
Melanophryniscus spectabilis,,LC,DD,N,2010
Vandijkophrynus amatolicus,Amatola Toad,EN,CR(PE),G,2010
FISHES,,,,,
Acipenser baerii,Siberian Sturgeon,VU,EN,N,2010
Acipenser gueldenstaedtii,Russian Sturgeon,EN,CR,N,2010
Acipenser mikadoi,Sakhalin Sturgeon,EN,CR,N,2010
Acipenser naccarii,Adriatic Sturgeon,VU,CR(PE),N,2010
Acipenser nudiventris,Ship Sturgeon,EN,CR,N,2010
Acipenser persicus,Persian Sturgeon,EN,CR,N,2010
Acipenser schrenckii,Amur Sturgeon,EN,CR,N,2010
Acipenser sinensis,Chinese Sturgeon,EN,CR,N,2010
Acipenser stellatus,Stellate Sturgeon,EN,CR,N,2010
Alosa alabamae,Alabama Shad,EN,DD,N,2010
Aphyosemion alpha,,NT,EN,N,2010
Aphyosemion louessense,,LC,VU,N,2010
Barbus deguidei,,LC,DD,N,2010
Barbus luapulae,,DD,LC,N,2010
Benitochromis batesii,,LC,VU,N,2010
Butis butis,Butis butis,LR/nt,LC,N,2010
Centropyge resplendens,Resplendent Pygmy Angelfish,VU,LC,N,2010
Chaetodon flavocoronatus,Yellow-crowned Butterflyfish,VU,LC,N,2010
Chaetodon litus,Easter Island Butterflyfish,VU,LC,N,2010
Chaetodon marleyi,Doublesash Butterflyfish,VU,LC,N,2010
Chaetodon robustus,Three-banded Butterflyfish,VU,LC,N,2010
Chiloglanis lufirae,,CR,DD,N,2010
Chiloglanis reticulatus,,LC,DD,N,2010
Eleotris melanosoma,Broadhead Sleeper,LR/nt,LC,N,2010
Epiplatys esekanus,,DD,LC,N,2010
Fundulopanchax mirabilis,,LC,DD,N,2010
Fundulus waccamensis,Waccamaw Killifish,VU,EN,G,2010
Grasseichthys gabonensis,,LC,VU,N,2010
Haplochromis aelocephalus,,VU,CR(PE),N,2010
Haplochromis arcanus,,EX,DD,N,2010
Haplochromis artaxerxes,,EX,DD,N,2010
Haplochromis bartoni,,EX,DD,N,2010
Haplochromis bayoni,,CR,DD,N,2010
Haplochromis boops,,EX,DD,N,2010
Haplochromis cassius,,EX,CR(PE),N,2010
Haplochromis cavifrons,,CR,DD,N,2010
Haplochromis chilotes,,VU,LC,N,2010
Haplochromis chromogynos,,CR,VU,N,2010
Haplochromis cryptodon,,EN,DD,N,2010
Haplochromis decticostoma,,EX,DD,N,2010
Haplochromis dentex,,EX,CR(PE),N,2010
Haplochromis estor,,EX,DD,N,2010
Haplochromis flavipinnis,,EX,CR(PE),N,2010
Haplochromis flavus,,EN,LC,N,2010
Haplochromis gilberti,,EX,DD,N,2010
Haplochromis gowersi,,EX,DD,N,2010
Haplochromis howesi,Smok,CR,VU,N,2010
Haplochromis ishmaeli,,EW,CR(PE),N,2010
Haplochromis lividus,,EW,DD,N,2010
Haplochromis longirostris,,EX,CR(PE),N,2010
Haplochromis macrognathus,,EX,CR(PE),N,2010
Haplochromis maculipinna,,CR,DD,N,2010
Haplochromis megalops,,CR,VU,N,2010
Haplochromis nigrescens,,EX,DD,N,2010
Haplochromis nubilus,,DD,VU,N,2010
Haplochromis nyanzae,,EX,DD,N,2010
Haplochromis obliquidens,,NT,VU,N,2010
Haplochromis obtusidens,,EX,DD,N,2010
Haplochromis pachycephalus,,EX,DD,N,2010
Haplochromis paraguiarti,,EX,DD,N,2010
Haplochromis paraplagiostoma,,EX,DD,N,2010
Haplochromis perrieri,,EW,CR(PE),N,2010
Haplochromis pharyngomylus,,EX,DD,N,2010
Haplochromis phytophagus,,CR,DD,N,2010
Haplochromis piceatus,,CR,VU,N,2010
Haplochromis plagiodon,,EN,VU,N,2010
Haplochromis plagiostoma,,CR,DD,N,2010
Haplochromis prognathus,,EX,DD,N,2010
Haplochromis pseudopellegrini,,EX,DD,N,2010
Haplochromis pyrrhocephalus,,VU,LC,N,2010
Haplochromis saxicola,,VU,DD,N,2010
Haplochromis serranus,,NT,DD,N,2010
Haplochromis spekii,,CR,DD,N,2010
Haplochromis thuragnathus,,EX,DD,N,2010
Hippocampus sindonis,Dhiho's Seahorse,DD,LC,N,2010
Hoplotilapia retrodens,,EX,VU,N,2010
Huso dauricus,Kaluga,EN,CR,G,2010
Huso huso,Beluga,EN,CR,G,2010
Hypsopanchax modestus,Ruwenzori Lampeye,DD,LC,N,2010
Lithochromis rubripinnis,,CR,LC,N,2010
Lithochromis rufus,,CR,LC,N,2010
Lithochromis xanthopteryx,Black Pseudo-nigricans,CR,VU,N,2010
Macrognathus aral,Spiny Eel,DD,LC,N,2010
Macropleurodus bicolor,,CR,VU,N,2010
Nannocharax hollyi,,LC,DD,N,2010
Nannocharax ogoensis,,LC,DD,N,2010
Neochromis greenwoodi,Velvet Black,VU,LC,N,2010
Neochromis nigricans,,LC,DD,N,2010
Neochromis simotes,,CR,DD,N,2010
Nothobranchius symoensi,,LC,EN,N,2010
Notropis semperasper,Roughhead Shiner,DD,VU,N,2010
Noturus lachneri,Ouachita Madtom,VU,EN,N,2010
Ogilbia galapagosensis,Galapagos Cuskeel,DD,VU,N,2010
Oligolepis keiensis,Kei Goby,LR/nt,LC,N,2010
Parailia occidentalis,,DD,LC,N,2010
Parakneria lufirae,,LC,DD,N,2010
Platytaeniodus degeni,,EW,LC,N,2010
Poeciliopsis elongata,Elongate Toothcarp,LC,NT,N,2010
Priolepis robinsi,,LR/nt,LC,N,2010
Prognathodes obliquus,Oblique Butterflyfish,VU,DD,N,2010
Pseudoscaphirhynchus kaufmanni,False Shovelnose Sturgeon,EN,CR,N,2010
Pundamilia macrocephala,,EN,VU,N,2010
Pyxichromis parorthostoma,,EX,DD,N,2010
Scarus guacamaia,Rainbow Parrotfish,VU,DD,N,2010
Schilbe mystus,African Butter Catfish,VU,LC,N,2010
Schistura sijuensis,,VU,EN,N,2010
Steatocranus rouxi,,LC,DD,N,2010
Synodontis multimaculatus,,LC,DD,N,2010
Synodontis nigrita,Catfish,DD,LC,N,2010
Thalassoma ascensionis,Greenfish,VU,DD,N,2010
Tilapia flava,,VU,CR,N,2010
Trachyglanis intermedius,,LC,DD,N,2010
Xyrauchen texanus,Razorback Sucker,EN,CR,G,2010
ODONATA,,,,,
Allocnemis mitwabae,,DD,NT,N,2010
Anax bangweuluensis,Swamp Emperor,DD,NT,N,2010
Anisopleura subplatystyla,,NT,LC,N,2010
Asiagomphus personatus,,DD,NT,N,2010
Azuragrion buchholzi,,DD,NT,N,2010
Boyeria cretensis,Cretan Spectre,VU,EN,N,2010
Burmagomphus sivalikensis,,CR,LC,N,2010
Cephalaeschna acutifrons,,VU,DD,N,2010
Ceriagrion georgifreyi,Turkish Red Damsel,NT,VU,N,2010
Ceriagrion mourae,,DD,LC,N,2010
Chlorocnemis contraria,Red-backed Yellowwing,VU,LC,N,2010
Chlorocnemis pauli,Orange-tipped Threadtail,NT,LC,N,2010
Chlorocnemis wittei,,DD,LC,N,2010
Chlorocypha dahli,,DD,LC,N,2010
Chlorocypha frigida,,DD,LC,N,2010
Chlorocypha hasta,,DD,VU,N,2010
Chlorocypha jacksoni,,VU,NT,N,2010
Chlorocypha molindica,,EN,NT,N,2010
Chlorocypha schmidti,,EN,VU,N,2010
Chlorolestes elegans,Elegant Malachite,NT,VU,G,2010
Congothemis leakeyi,,DD,LC,N,2010
Congothemis longistyla,,DD,LC,N,2010
Cordulegaster heros,Balkan Goldenring,LC,NT,N,2010
Cordulegaster trinacriae,Italian Goldenring,VU,NT,N,2010
Diastatomma soror,,DD,LC,N,2010
Ecchlorolestes nylephtha,Queen Malachite,NT,NT,N,2010
Elattoneura cellularis,,DD,LC,N,2010
Elattoneura lliba,,DD,LC,N,2010
Gynacantha immaculifrons,,DD,LC,N,2010
Hadrothemis scabrifrons,Red Jungle-skimmer,NT,LC,N,2010
Ictinogomphus dundoensis,Swamp Tigertail,DD,LC,N,2010
Idomacromia jillianae,,VU,DD,N,2010
Lokia coryndoni,,EN,LC,N,2010
Lokia ellioti,,DD,LC,N,2010
Lokia erythromelas,,DD,LC,N,2010
Metacnemis angusta,Ceres Stream-damsel,VU,VU,N,2010
Nesciothemis fitzgeraldi,,DD,LC,N,2010
Neurogomphus dissimilis,,DD,LC,N,2010
Onychogomphus costae,Faded Pincertail,VU,NT,N,2010
Onychogomphus seydeli,,DD,LC,N,2010
Onychogomphus styx,,NT,LC,N,2010
Palpopleura albifrons,,DD,LC,N,2010
Paragomphus alluaudi,,DD,LC,N,2010
Paragomphus lacustris,,DD,LC,N,2010
Prodasineura odzalae,,DD,LC,N,2010
Pseudagrion fisheri,Fisher's Sprite,DD,LC,N,2010
Pseudagrion greeni,,DD,LC,N,2010
Pseudagrion symoensii,,DD,NT,N,2010
Pyrrhosoma elisabethae,Greek Red Damsel,VU,CR,N,2010
Somatochlora borisi,Bulgarian Emerald,NT,VU,N,2010
Stenocnemis pachystigma,,VU,LC,N,2010
Sympetrum nigrifemur,Island Darter,EN,LC,N,2010
Tetrathemis denticauda,,CR,DD,N,2010
Tetrathemis ruwensoriensis,,CR,DD,N,2010
Thermochoria jeanneli,,NT,LC,N,2010
Tragogomphus aurivillii,,DD,LC,N,2010
Trithemis aequalis,,DD,NT,N,2010
Trithemis brydeni,,DD,NT,N,2010
Umma purpurea,,EN,VU,N,2010
BUTTERFLIES and MOTHS,,,,,
Hipparchia azorina,Azores Grayling,VU,LC,N,2010
Hipparchia maderensis,Madeira Grayling,VU,LC,N,2010
Papilio hospiton,Corsican Swallowtail,EN,LC,N,2010
Pieris cheiranthi,Canary Islands Large White,VU,EN,N,2010
Plebejus trappi,Alpine Zephyr Blue,VU,NT,N,2010
Polyommatus galloi,Higgin's Anomalous Blue,EN,VU,N,2010
Polyommatus golgus,Sierra Nevada Blue,EN,VU,N,2010
Polyommatus humedasae,Piedmont Anomalous Blue,CR,EN,N,2010
Pseudochazara euxina,,VU,EN,N,2010
BEETLES,,,,,
Buprestis splendens,Goldstreifiger,VU,EN,N,2010
Cucujus cinnaberinus,,VU,NT,G,2010
Osmoderma eremita,Hermit Beetle,VU,NT,N,2010
MOLLUSCS,,,,,
Alzoniella hartwigschuetti,,VU,NT,N,2010
Alzoniella pyrenaica,,VY,DD,N,2010
Anceya giraudi,,LC,LC,N,2010
Anceya terebriformis,,EN,DD,N,2010
Ancylus ashangiensis,,EN,CR,N,2010
Ancylus regularis,,LR/nt,DD,N,2010
Aspatharia subreniformis,,VU,DD,N,2010
Avenionia brevis,,DD,LC,N,2010
Bathanalia straeleni,,LC,LC,N,2010
Belgrandiella wawrai,,CR,EN,N,2010
Bellamya constricta,,EN,LC,N,2010
Bellamya costulata,,NT,NT,N,2010
Bellamya ecclesi,,DD,DD,N,2010
Bellamya jucunda,,VU,NT,N,2010
Bellamya leopoldvillensis,,EN,DD,N,2010
Bellamya mweruensis,,EN,CR,G,2010
Bellamya pagodiformis,,EN,CR,G,2010
Bellamya rubicunda,,EN,NT,N,2010
Bellamya trochlearis,,EN,DD,N,2010
Biomphalaria angulosa,,LC,LC,N,2010
Biomphalaria barthi,,CR,DD,N,2010
Biomphalaria salinarum,,DD,DD,N,2010
Biomphalaria tchadiensis,,EN,EN,G,2010
Bridouxia giraudi,,LC,LC,N,2010
Bridouxia leucoraphe,,LC,LC,N,2010
Bridouxia ponsonbyi,,NT,NT,N,2010
Bridouxia praeclara,,NT,NT,N,2010
Bulinus barthi,,DD,DD,N,2010
Bulinus browni,,LR/nt,DD,N,2010
Bulinus camerunensis,,VU,EN,N,2010
Bulinus hexaploidus,,LR/nt,DD,N,2010
Bulinus transversalis,,VU,DD,N,2010
Burnupia crassistriata,,VU,NT,N,2010
Burnupia stuhlmanni,,VU,NT,N,2010
Bythinella carinulata,,LR/nt,EN,N,2010
Bythinella cylindrica,,VU,CR,G,2010
Bythinella pupoides,,LR/nt,LC,N,2010
Bythiospeum articense,,VU,LC,N,2010
Bythiospeum bourguignati,,VU,LC,N,2010
Bythiospeum diaphanum,,LR/lc,NT,N,2010
Bythiospeum elseri,,LR/nt,EN,N,2010
Bythiospeum garnieri,,VU,LC,N,2010
Bythiospeum geyeri,,EN,VU,N,2010
Bythiospeum klemmi,,VU,EN,N,2010
Bythiospeum pfeifferi,,EN,CR,N,2010
Bythiospeum tschapecki,,EN,CR,N,2010
Ceratophallus socotrensis,,CR,DD,N,2010
Cleopatra smithi,,DD,LC,N,2010
Hauffenia danubialis,,EN,VU,N,2010
Hirthia globosa,,LC,LC,N,2010
Iglica gratulabunda,,DD,CR(PE),N,2010
Iglica kleinzellensis,,EN,VU,N,2010
Islamia minuta,,DD,LC,N,2010
Lanistes bicarinatus,,VU,LC,N,2010
Lanistes ciliatus,,LR/nt,VU,N,2010
Lanistes farleri,,EN,VU,N,2010
Lanistes nasutus,,EN,DD,N,2010
Lanistes stuhlmanni,,EN,NT,N,2010
Lavigera grandis,,LC,LC,N,2010
Lavigera nassa,,LC,LC,N,2010
Limnotrochus thomsoni,,LC,LC,N,2010
Martelia tanganyicensis,,EN,DD,N,2010
Melanoides angolensis,,LC,DD,N,2010
Melanopsis etrusca,,VU,EN,G,2010
Moitessieria locardi,,VU,LC,N,2010
Mysorelloides multisulcata,,LC,LC,N,2010
Neothauma tanganyicense,,LC,LC,N,2010
Neritina cristata,,DD,LC,N,2010
Neritina manoeli,,LR/nt,LC,N,2010
Neritina natalensis,,DD,NT,N,2010
Neritina oweniana,,DD,LC,N,2010
Neritina rubricata,,DD,NT,N,2010
Paladilhia pleurotoma,,VU,LC,N,2010
Paramelania damoni,,LC,LC,N,2010
Pila occidentalis,,LC,LC,N,2010
Pila speciosa,,VU,DD,N,2010
Reymondia horei,,LC,LC,N,2010
Reymondia pyramidalis,,DD,DD,N,2010
Reymondia tanganyicensis,,VU,VU,N,2010
Spekia coheni,,NT,LC,N,2010
Spekia zonata,,LC,LC,N,2010
Sphaerium bequaerti,,DD,LC,N,2010
Spiralix corsica,,VU,CR,N,2010
Spiralix rayi,,LR/nt,LC,N,2010
Stanleya neritinoides,,EN,DD,N,2010
Stormsia minima,,LC,LC,N,2010
Syrnolopsis gracilis,,LC,LC,N,2010
Syrnolopsis lacustris,,LC,LC,N,2010
Syrnolopsis minuta,,LC,LC,N,2010
Tanganyicia rufofilosa,,NT,NT,N,2010
Theodoxus numidicus,,DD,VU,N,2010
Tiphobia horei,,LC,LC,N,2010
Tricula montana,,EN,LC,N,2010
CRAYFISHES, CRABS, LOBSTERS, etc.,,,,,
Cambarellus blacki,Cypress Crayfish,EN,DD,N,2010
Cambarellus diminutus,Least Crayfish,VU,DD,N,2010
Cambarus aculabrum,Benton County Cave Crayfish,EN,CR,N,2010
Cambarus batchi,Bluegrass Crayfish,VU,LC,N,2010
Cambarus chaugaensis,Chauga River Crayfish,VU,LC,N,2010
Cambarus coosawattae,Coosawattee Crayfish,VU,NT,N,2010
Cambarus cymatilis,Conasauga Blue Burrower,VU,EN,G,2010
Cambarus miltus,Rusty Grave Digger,VU,LC,N,2010
Cambarus obeyensis,Obey Crayfish,VU,CR,G,2010
Cambarus pristinus,Pristine Crayfish,VU,DD,N,2010
Cambarus speciosus,Beautiful Crayfish,VU,NT,N,2010
Cambarus spicatus,Broad River Spiny Crayfish,VU,DD,N,2010
Cambarus truncatus,Oconee Burrowing Crayfish,EN,NT,N,2010
Cambarus williami,Brawleys Fork Crayfish,EN,NT,N,2010
Cherax quadricarinatus,Tropical Blue Crayfish,VU,LC,N,2010
Cherax tenuimanus,Hairy Marron,VU,CR,G,2010
Engaeus curvisuturus,,EN,DD,N,2010
Engaeus granulatus,Central North Burrowing Crayfish,EN,CR,G,2010
Engaeus mallacoota,Mallacoota Burrowing Crayfish,EN,CR,N,2010
Engaeus nulloporius,,EN,DD,N,2010
Engaeus phyllocercus,Narracan Burrowing Crayfish,VU,EN,N,2010
Engaeus spinicaudatus,Scottsdale Burrowing Crayfish,EN,CR,G,2010
Engaeus sternalis,Warragul Burrowing Crayfish,EN,CR,G,2010
Engaewa similis,,EN,LC,G,2010
Euastacus armatus,Murray River Crayfish,VU,DD,N,2010
Euastacus bindal,,EN,CR,G,2010
Euastacus fleckeri,,VU,EN,G,2010
Euastacus jagara,,EN,CR,N,2010
Euastacus maidae,,EN,CR,G,2010
Euastacus monteithorum,,EN,CR,N,2010
Euastacus neodiversus,,VU,EN,G,2010
Euastacus robertsi,,EN,CR,N,2010
Euastacus setosus,,VU,CR,N,2010
Euastacus yigara,,EN,CR,G,2010
Fallicambarus hortoni,Hatchie Burrowing Crayfish,EN,CR,N,2010
Fallicambarus strawni,Saline Burrowing Crayfish,VU,LC,N,2010
Hobbseus orconectoides,Oktibbeha Riverlet Crayfish,VU,EN,G,2010
Hobbseus valleculus,Choctaw Riverlet Crayfish,VU,EN,G,2010
Hobbseus yalobushensis,Yalobusha Riverlet Crayfish,VU,EN,N,2010
Orconectes cooperi,Flint River Crayfish,VU,LC,N,2010
Orconectes deanae,Conchas Crayfish,VU,LC,N,2010
Orconectes jeffersoni,Louisville Crayfish,VU,EN,G,2010
Orconectes marchandi,Mammoth Spring Crayfish,VU,NT,N,2010
Orconectes packardi,Cave Crayfish,VU,EN,N,2010
Orconectes saxatilis,Kiamichi Crayfish,CR,VU,N,2010
Orconectes sloanii,Sloan's Crayfish,VU,LC,N,2010
Pacifastacus nigrescens,Sooty Crayfish,CR,EX,N,2010
Procambarus apalachicolae,Coastal Flatwoods Crayfish,VU,EN,G,2010
Procambarus barbiger,Jackson Prairie Crayfish,VU,DD,N,2010
Procambarus connus,Carrollton Crayfish,VU,DD,N,2010
Procambarus fitzpatricki,Spinytail Crayfish,VU,LC,N,2010
Procambarus lagniappe,Lagniappe Crayfish,VU,NT,N,2010
Procambarus pogum,Bearded Red Crayfish,VU,DD,N,2010
Procambarus steigmani,Parkhill Prairie Crayfish,CR,DD,N,2010
FERNS & allies,,,,,
Anogramma ascensionis,,EX,CR,N,2010
CONIFERS,,,,,
Agathis lanceolata,,LR/cd,VU,G,2010
Agathis ovata,,LR/cd,EN,G,2010
Araucaria bernieri,,LR/cd,VU,N,2010
Araucaria biramulata,,LR/cd,VU,G,2010
Araucaria humboldtensis,,LR/cd,EN,G,2010
Araucaria montana,,LR/lc,VU,G,2010
Araucaria muelleri,,LR/cd,EN,G,2010
Libocedrus yateensis,,VU,EN,G,2010
Neocallitropsis pancheri,,VU,EN,G,2010
Parasitaxus ustus,,LR/nt,VU,G,2010
Podocarpus decumbens,,VU,CR,G,2010
Podocarpus polyspermus,,VU,EN,G,2010
CYCADS,,,,,
Ceratozamia latifolia,,VU,EN,G,2010
Ceratozamia miqueliana,,VU,CR,G,2010
Ceratozamia mixeorum,,DD,EN,N,2010
Ceratozamia norstogii,,CR,EN,N,2010
Ceratozamia robusta,,VU,EN,G,2010
Cycas aculeata,,EN,VU,N,2010
Cycas armstrongii,,LC,VU,G,2010
Cycas circinalis,,DD,EN,N,2010
Cycas conferta,,VU,NT,N,2010
Cycas curranii,Curran’s Pitogo,DD,CR(PE),N,2010
Cycas dolichophylla,,VU,NT,N,2010
Cycas elongata,,VU,EN,G,2010
Cycas falcata,,DD,VU,N,2010
Cycas guizhouensis,,NT,VU,N,2010
Cycas javana,,DD,EN,N,2010
Cycas lindstromii,,VU,EN,G,2010
Cycas megacarpa,,EN,VU,N,2010
Cycas nathorstii,,DD,VU,N,2010
Cycas ophiolitica,,NT,VU,N,2010
Cycas pachypoda,,VU,CR,G,2010
Cycas panzhihuaensis,,NT,VU,N,2010
Cycas revoluta,Fern Palm,NT,LC,N,2010
Cycas semota,,NT,VU,N,2010
Cycas taitungensis,,VU,EN,G,2010
Cycas tuckeri,,NT,VU,N,2010
Cycas zeylanica,,DD,VU,N,2010
Dioon califanoi,,VU,EN,N,2010
Dioon caputoi,,CR,EN,N,2010
Dioon mejiae,,DD,LC,N,2010
Dioon rzedowskii,,VU,EN,N,2010
Dioon spinulosum,,VU,EN,N,2010
Dioon tomasellii,,EN,VU,N,2010
Encephalartos brevifoliolatus,,EW,EW,G,2010
Encephalartos bubalinus,Lake Natron Cycad,LC,NT,N,2010
Encephalartos cerinus,Waxen Cycad,CR,CR(PE),G,2010
Encephalartos delucanus,,VU,EN,N,2010
Encephalartos ferox,Kozi Cycad,LC,NT,G,2010
Encephalartos kanga,,DD,CR,N,2010
Encephalartos laurentianus,Kwango Giant Cycad,DD,NT,N,2010
Encephalartos macrostrobilus,,VU,EN,N,2010
Encephalartos marunguensis,Marungu Cycad,NT,VU,N,2010
Encephalartos schmitzii,Schmitz's Cycad,NT,VU,N,2010
Encephalartos sclavoi,Sclavo's Cycad,VU,CR,N,2010
Encephalartos septentrionalis,Nile Cycad,DD,NT,N,2010
Encephalartos umbeluziensis,Umbeluzi Cycad,VU,EN,N,2010
Encephalartos whitelockii,,VU,CR,G,2010
Macrozamia conferta,,EN,VU,N,2010
Macrozamia cranei,,VU,EN,N,2010
Macrozamia fawcettii,,LC,NT,N,2010
Macrozamia lomandroides,,VU,EN,G,2010
Macrozamia longispina,,LC,NT,N,2010
Macrozamia moorei,,LC,NT,N,2010
Macrozamia platyrhachis,,LC,VU,N,2010
Macrozamia plurinervia,,NT,EN,N,2010
Macrozamia stenomera,,LC,NT,N,2010
Macrozamia viridis,,VU,EN,N,2010
Stangeria eriopus,Natal Grass Cycad,NT,VU,G,2010
Zamia acuminata,,NT,VU,N,2010
Zamia gentryi,,VU,CR,N,2010
Zamia inermis,,CR,CR,N,2010
Zamia ipetiensis,,VU,EN,N,2010
Zamia lucayana,,NT,EN,N,2010
Zamia neurophyllidia,,NT,VU,N,2010
Zamia portoricensis,,CR,EN,N,2010
Zamia purpurea,,EN,CR,N,2010
Zamia pygmaea,,DD,CR,N,2010
FLOWERING PLANTS,,,,,
Acropogon bullatus,,VU,NT,N,2010
Aglaia cucullata,,LR/nt,DD,N,2010
Albizia guillainii,,CR,VU,N,2010
Aponogeton azureus,,DD,VU,N,2010
Carum foetidum,,CR,NT,N,2010
Culcasia orientalis,,LC,DD,N,2010
Diospyros minimifolia,,VU,NT,N,2010
Eugenia ericoides,,VU,NT,N,2010
Ixora margaretae,,CR,VU,N,2010
Ledermanniella thalloidea,,VU,EN,N,2010
Pittosporum brevispinum,,CR,EN,N,2010
Pittosporum gatopense,,EN,VU,N,2010
Polyscias nothisii,,VU,EN,N,2010
Psychotria deverdiana,,EN,VU,N,2010
Terminalia cherrieri,,CR,EN,N,2010
