Scientific name,Common name,"IUCN Red List(2021)Category","IUCN RedList (2022)Category","Reason forchange","Red Listversion"
"",,,,,
MAMMALS (Mammalia),,,,,
Hypogeomys antimena,Malagasy Giant Jumping Rat,EN,CR,G,2022-1
Macaca fascicularis,Long-tailed Macaque,VU,EN,N,2022-1
Macaca nemestrina,Southern Pig-tailed Macaque,VU,EN,N,2022-1
Mesocricetus auratus,Golden Hamster,VU,EN,N,2022-1
Microcebus lehilahytsara,Goodman's Mouse Lemur,VU,NT,N,2022-1
Plecturocebus vieirai,Vieira's Titi Monkey,DD,CR,N,2022-1
Presbytis comata,Javan Surili,EN,VU,N,2022-1
Pygeretmus zhitkovi,Greater Fat-tailed Jerboa,NT,LC,N,2022-1
Rhinopithecus brelichi,Grey Snub-nosed Monkey,EN,CR,N,2022-1
Sapajus cay,Azara’s Capuchin,LC,VU,G,2022-1
"",,,,,
BIRDS (Aves),,,,,
Acanthiza katherina,Mountain Thornbill,LC,VU,G,2022-1
Accipiter imitator,Imitator Goshawk,VU,NT,N,2022-1
Accipiter nanus,Dwarf Sparrowhawk,NT,LC,N,2022-1
Acrocephalus orinus,Large-billed Reed-warbler,DD,LC,N,2022-1
Acrocephalus sorghophilus,Streaked Reed-warbler,EN,CR,G,2022-1
Afropavo congensis,Congo Peafowl,VU,NT,N,2022-1
Amazona bodini,Northern Festive Amazon,NT,LC,N,2022-1
Amazona farinosa,Southern Mealy Amazon,NT,LC,N,2022-1
Amazona festiva,Southern Festive Amazon,NT,LC,N,2022-1
Amazona kawalli,White-faced Amazon,NT,LC,N,2022-1
Amytornis ballarae,Kalkadoon Grasswren,LC,VU,G,2022-1
Amytornis housei,Black Grasswren,NT,LC,N,2022-1
Amytornis woodwardi,White-throated Grasswren,VU,EN,G,2022-1
Apalis chirindensis,Chirinda Apalis,LC,VU,G,2022-1
Apalis sharpii,Sharpe's Apalis,LC,NT,G,2022-1
Aphelocephala leucopsis,Southern Whiteface,LC,VU,G,2022-1
Aratinga auricapillus,Golden-capped Parakeet,NT,LC,N,2022-1
Arborophila mandellii,Chestnut-breasted Partridge,VU,NT,N,2022-1
Argya rufescens,Orange-billed Babbler,NT,LC,N,2022-1
Asthenes helleri,Puna Thistletail,VU,LC,N,2022-1
Atlapetes rufigenis,Rufous-eared Brush-finch,NT,LC,N,2022-1
Bolemoreus hindwoodi,Eungella Honeyeater,LC,NT,G,2022-1
Bubo sumatranus,Barred Eagle-owl,LC,NT,G,2022-1
Calidris acuminata,Sharp-tailed Sandpiper,LC,VU,G,2022-1
Callocephalon fimbriatum,Gang-gang Cockatoo,LC,VU,G,2022-1
Calyptorhynchus lathami,Glossy Black-cockatoo,LC,VU,G,2022-1
Campephilus gayaquilensis,Guayaquil Woodpecker,NT,LC,N,2022-1
Caprimulgus ruficollis,Red-necked Nightjar,LC,NT,G,2022-1
Carpococcyx radiceus,Bornean Ground-cuckoo,NT,VU,G,2022-1
Carpodectes antoniae,Yellow-billed Cotinga,EN,NT,N,2022-1
Chloebia gouldiae,Gouldian Finch,NT,LC,N,2022-1
Chrysocolaptes erythrocephalus,Red-headed Flameback,EN,NT,N,2022-1
Colluricincla boweri,Bower's Shrike-thrush,LC,VU,G,2022-1
Conothraupis speculigera,Black-and-white Tanager,NT,LC,N,2022-1
Coua pyropyga,Chestnut-vented Coua,LC,NT,G,2022-1
Cranioleuca berlepschi,Russet-mantled Softtail,VU,NT,N,2022-1
Cranioleuca curtata,Ash-browed Spinetail,VU,LC,N,2022-1
Crithagra xantholaema,Salvadori's Seedeater,VU,NT,N,2022-1
Crypturellus boucardi,Slaty-breasted Tinamou,LC,VU,G,2022-1
Cyanochen cyanoptera,Blue-winged Goose,VU,NT,N,2022-1
Cyclopsitta coxeni,Coxen's Fig-parrot,EN,CR,N,2022-1
Cyornis magnirostris,Large Blue-flycatcher,LC,NT,G,2022-1
Cyornis sanfordi,Matinan Flycatcher,EN,LC,N,2022-1
Dasyornis brachypterus,Eastern Bristlebird,EN,VU,N,2022-1
Dicaeum haematostictum,Black-belted Flowerpecker,VU,LC,N,2022-1
Discosura popelairii,Wire-crested Thorntail,NT,LC,N,2022-1
Ducula whartoni,Christmas Island Imperial-pigeon,NT,LC,N,2022-1
Eleoscytalopus indigoticus,White-breasted Tapaculo,NT,LC,N,2022-1
Emberiza sulphurata,Yellow Bunting,VU,LC,N,2022-1
Eos cyanogenia,Black-winged Lory,VU,NT,N,2022-1
Erythrotriorchis radiatus,Red Goshawk,NT,EN,N,2022-1
Eudyptes schlegeli,Royal Penguin,NT,LC,N,2022-1
Falco novaeseelandiae,New Zealand Falcon,NT,LC,N,2022-1
Fregata andrewsi,Christmas Island Frigatebird,CR,VU,N,2022-1
Galbula pastazae,Coppery-chested Jacamar,VU,LC,N,2022-1
Gallinago hardwickii,Latham's Snipe,LC,NT,G,2022-1
Geophaps smithii,Partridge Pigeon,VU,LC,G,2022-1
Geothlypis flavovelata,Altamira Yellowthroat,VU,NT,N,2022-1
Gerygone modesta,Norfolk Island Gerygone,NT,LC,N,2022-1
Glaucidium albertinum,Albertine Owlet,VU,NT,N,2022-1
Grantiella picta,Painted Honeyeater,VU,LC,N,2022-1
Habia atrimaxillaris,Black-cheeked Ant-tanager,EN,NT,N,2022-1
Halcyon pileata,Black-capped Kingfisher,LC,VU,G,2022-1
Heliangelus regalis,Royal Sunangel,EN,NT,N,2022-1
Heliodoxa gularis,Pink-throated Brilliant,VU,LC,N,2022-1
Heliopais personatus,Masked Finfoot,EN,CR,G,2022-1
Hemiphaga novaeseelandiae,New Zealand Pigeon,NT,LC,G,2022-1
Herpsilochmus parkeri,Ash-throated Antwren,EN,VU,N,2022-1
Heteromyias cinereifrons,Grey-headed Robin,LC,NT,G,2022-1
Humblotia flavirostris,Humblot's Flycatcher,EN,VU,N,2022-1
Hylophilus olivaceus,Olivaceous Greenlet,NT,LC,N,2022-1
Hypotaenidia woodfordi,Guadalcanal Rail,NT,LC,N,2022-1
Hypsipetes parvirostris,Grand Comoro Bulbul,VU,NT,N,2022-1
Incaspiza watkinsi,Little Inca-finch,NT,VU,N,2022-1
Lanio leucothorax,White-throated Shrike-tanager,LC,NT,G,2022-1
Lanius senator,Woodchat Shrike,LC,NT,G,2022-1
Lanius validirostris,Mountain Shrike,NT,LC,N,2022-1
Lepidothrix isidorei,Blue-rumped Manakin,NT,LC,N,2022-1
Lophorina victoriae,Victoria's Riflebird,LC,VU,G,2022-1
Lophura erythrophthalma,Malay Crestless Fireback,VU,CR,G,2022-1
Lophura pyronota,Bornean Crestless Fireback,VU,EN,G,2022-1
Macronyx grimwoodi,Grimwood's Longclaw,DD,LC,N,2022-1
Melanodryas vittata,Dusky Robin,LC,VU,G,2022-1
Melithreptus validirostris,Strong-billed Honeyeater,LC,VU,G,2022-1
Menura alberti,Albert's Lyrebird,NT,LC,G,2022-1
Merulaxis ater,Slaty Bristlefront,NT,LC,N,2022-1
Metabolus takatsukasae,Tinian Monarch,VU,NT,N,2022-1
Micromacronus leytensis,Visayan Miniature Babbler,DD,NT,N,2022-1
Micropsitta geelvinkiana,Geelvink Pygmy-parrot,NT,LC,N,2022-1
Myadestes coloratus,Varied Solitaire,LC,NT,N,2022-1
Myiopsitta luchsi,Cliff Parakeet,LC,NT,N,2022-1
Neophema chrysostoma,Blue-winged Parrot,LC,VU,G,2022-1
Nesospingus speculiferus,Puerto Rican Tanager,LC,VU,G,2022-1
Ninox ios,Cinnabar Boobook,VU,LC,N,2022-1
Ninox leventisi,Camiguin Boobook,EN,VU,N,2022-1
Ninox rumseyi,Cebu Boobook,EN,VU,N,2022-1
Nyctiphrynus rosenbergi,Choco Poorwill,NT,LC,N,2022-1
Odontophorus melanotis,Black-eared Wood-quail,LC,NT,G,2022-1
Odontophorus speciosus,Rufous-breasted Wood-quail,NT,LC,N,2022-1
Odontorchilus cinereus,Tooth-billed Wren,NT,LC,N,2022-1
Oreoscopus gutturalis,Fernwren,LC,EN,G,2022-1
Pachyptila macgillivrayi,MacGillivray's Prion,EN,CR,N,2022-1
Patagioenas oenops,Peruvian Pigeon,VU,NT,G,2022-1
Pedionomus torquatus,Plains-wanderer,CR,EN,N,2022-1
Perisoreus internigrans,Sichuan Jay,VU,NT,N,2022-1
Petroica phoenicea,Flame Robin,NT,LC,G,2022-1
Petroica traversi,Black Robin,EN,VU,G,2022-1
Pezoporus occidentalis,Night Parrot,EN,CR,N,2022-1
Philemon brassi,Brass's Friarbird,NT,LC,N,2022-1
Phlogophilus harterti,Peruvian Piedtail,NT,LC,N,2022-1
Phlogophilus hemileucurus,Ecuadorian Piedtail,VU,LC,N,2022-1
Phyllastrephus poliocephalus,Grey-headed Greenbul,NT,LC,N,2022-1
Phyllastrephus viridiceps,Angola Greenbul,VU,NT,N,2022-1
Phylloscopus maforensis,Numfor Leaf-warbler,VU,NT,N,2022-1
Phylloscopus misoriensis,Biak Leaf-warbler,VU,NT,N,2022-1
Phylloscopus tytleri,Tytler's Leaf-warbler,NT,LC,N,2022-1
Pionites leucogaster,Green-thighed Parrot,EN,VU,N,2022-1
Pionites xanthurus,Yellow-tailed Parrot,VU,LC,N,2022-1
Pipreola chlorolepidota,Fiery-throated Fruiteater,NT,LC,N,2022-1
Pitta rosenbergii,Biak Hooded Pitta,VU,NT,N,2022-1
Pityriasis gymnocephala,Bornean Bristlehead,NT,VU,G,2022-1
Poliocephalus rufopectus,New Zealand Grebe,NT,LC,N,2022-1
Polyplectron malacense,Malay Peacock-pheasant,VU,EN,G,2022-1
Prionodura newtoniana,Golden Bowerbird,LC,NT,G,2022-1
Psilorhamphus guttatus,Spotted Bamboowren,NT,LC,N,2022-1
Pterodroma alba,Phoenix Petrel,EN,VU,N,2022-1
Pterodroma solandri,Providence Petrel,VU,LC,N,2022-1
Pteroglossus sturmii,Western Red-necked Araçari,NT,LC,N,2022-1
Ptilinopus roseicapilla,Mariana Fruit-dove,EN,NT,N,2022-1
Pycnoptilus floccosus,Pilotbird,LC,VU,G,2022-1
Pyrilia barrabandi,Orange-cheeked Parrot,NT,LC,N,2022-1
Pyrilia caica,Caica Parrot,NT,LC,N,2022-1
Pyrilia vulturina,Vulturine Parrot,VU,LC,N,2022-1
Pyrrhura amazonum,Santarem Parakeet,EN,NT,N,2022-1
Pyrrhura devillei,Blaze-winged Parakeet,NT,LC,N,2022-1
Pyrrhura eisenmanni,Azuero Parakeet,EN,VU,N,2022-1
Pyrrhura perlata,Crimson-bellied Parakeet,VU,LC,N,2022-1
Pyrrhura snethlageae,Madeira Parakeet,VU,LC,N,2022-1
Ramphastos culminatus,Yellow-ridged Toucan,VU,LC,N,2022-1
Ramphastos tucanus,Red-billed Toucan,VU,LC,N,2022-1
Ramphastos vitellinus,Channel-billed Toucan,VU,LC,N,2022-1
Rhabdornis rabori,Visayan Rhabdornis,VU,LC,N,2022-1
Rhynchortyx cinctus,Tawny-faced Quail,LC,NT,G,2022-1
Sarothrura watersi,Slender-billed Flufftail,EN,NT,N,2022-1
Scenopoeetes dentirostris,Tooth-billed Bowerbird,LC,NT,G,2022-1
Scytalopus sanctaemartae,Santa Marta Tapaculo,LC,NT,G,2022-1
Scytalopus unicolor,Unicolored Tapaculo,LC,NT,N,2022-1
Sericornis keri,Atherton Scrubwren,LC,VU,G,2022-1
Spelaeornis longicaudatus,Tawny-breasted Wren-babbler,VU,NT,N,2022-1
Spilornis kinabaluensis,Kinabalu Serpent-eagle,VU,NT,N,2022-1
Stagonopleura guttata,Diamond Firetail,LC,VU,G,2022-1
Strix hylophila,Rusty-barred Owl,NT,LC,N,2022-1
Suthora przewalskii,Rusty-throated Parrotbill,VU,LC,N,2022-1
Sylviorthorhynchus yanacensis,Tawny Tit-spinetail,NT,LC,N,2022-1
Symposiachrus julianae,Kofiau Monarch,VU,NT,N,2022-1
Synallaxis cabanisi,Cabanis's Spinetail,NT,LC,N,2022-1
Synallaxis cherriei,Chestnut-throated Spinetail,NT,LC,N,2022-1
Synallaxis fuscorufa,Rusty-headed Spinetail,VU,NT,N,2022-1
Synallaxis moesta,Dusky Spinetail,NT,LC,N,2022-1
Tangara fucosa,Green-naped Tanager,NT,LC,N,2022-1
Tanysiptera ellioti,Kofiau Paradise-kingfisher,VU,NT,N,2022-1
Tauraco ruspolii,Ruspoli's Turaco,VU,NT,N,2022-1
Terpsiphone bedfordi,Bedford's Paradise-flycatcher,NT,LC,N,2022-1
Thripophaga amacurensis,Delta Amacuro Softtail,EN,VU,N,2022-1
Thryophilus sernai,Antioquia Wren,EN,VU,N,2022-1
Touit huetii,Scarlet-shouldered Parrotlet,VU,LC,N,2022-1
Touit melanonotus,Brown-backed Parrotlet,VU,NT,N,2022-1
Triclaria malachitacea,Blue-bellied Parrot,NT,LC,N,2022-1
Turnix hottentottus,Fynbos Buttonquail,EN,LC,N,2022-1
Turnix melanogaster,Black-breasted Buttonquail,NT,VU,N,2022-1
Turnix olivii,Buff-breasted Buttonquail,EN,CR,N,2022-1
Xenopirostris xenopirostris,Lafresnaye's Vanga,LC,NT,G,2022-1
Zanda baudinii,Baudin's Black-cockatoo,EN,CR,G,2022-1
Zebrilus undulatus,Zigzag Heron,NT,LC,N,2022-1
Zimmerius villarejoi,Mishana Tyrannulet,VU,LC,N,2022-1
Zosterops griseovirescens,Annobon White-eye,VU,LC,N,2022-1
Zosterops luteirostris,Gizo White-eye,EN,VU,N,2022-1
Zosterops natalis,Christmas Island White-eye,NT,LC,N,2022-1
Zosterops saypani,Saipan White-eye,EN,NT,N,2022-1
Zosterops splendidus,Ranongga White-eye,VU,LC,N,2022-1
Zosterops tenuirostris,Slender-billed White-eye,NT,VU,N,2022-1
Zosterops winifredae,South Pare White-eye,VU,NT,N,2022-1
Zosterornis hypogrammicus,Palawan Striped Babbler,NT,LC,N,2022-1
Zosterornis latistriatus,Panay Striped Babbler,NT,LC,N,2022-1
Zosterornis striatus,Luzon Striped Babbler,NT,LC,N,2022-1
"",,,,,
REPTILES (Reptilia),,,,,
Acontias grayi,Gray's Dwarf Legless Skink,LC,NT,G,2022-1
Acontias richardi,Richard's Legless Skink,DD,NT,N,2022-1
Acontias rieppeli,Woodbush Legless Skink,NT,EN,N,2022-1
Afroedura granitica,Granite Flat Gecko,DD,LC,N,2022-1
Afroedura rupestris,Abel Erasmus Flat Gecko,DD,LC,N,2022-1
Bitis inornata,Plain Mountain Adder,DD,LC,N,2022-1
Bradypodion kentanicum,Kentani Dwarf Chameleon,NT,EN,N,2022-1
Bradypodion nemorale,Qudeni Dwarf Chameleon,NT,VU,G,2022-1
Bradypodion ngomeense,Ngome Dwarf Chameleon,NT,VU,G,2022-1
Bradypodion setaroi,Setaro's Dwarf Chameleon,LC,NT,G,2022-1
Chamaesaura aenea,Coppery Grass Lizard,LC,NT,N,2022-1
Cordylus macropholis,Large-scaled Girdled Lizard,LC,NT,G,2022-1
Cryptactites peringueyi,Salt Marsh Gecko,NT,LC,N,2022-1
Homopholis mulleri,Muller's Velvet Gecko,LC,NT,G,2022-1
Homoroselaps dorsalis,Striped Harlequin Snake,LC,NT,N,2022-1
Lycophidion pygmaeum,Pygmy Wolf Snake,LC,NT,N,2022-1
Lygodactylus methueni,Methuen's Dwarf Gecko,DD,EN,N,2022-1
Ouroborus cataphractus,Armadillo Girdled Lizard,LC,NT,N,2022-1
Platysaurus relictus,Soutpansberg Flat Lizard,LC,NT,N,2022-1
Pseudocerastes urarachnoides,Spider-tailed Viper,DD,NT,N,2022-1
Scelotes gronovii,Gronovi's Dwarf Burrowing Skink,LC,NT,G,2022-1
Scelotes kasneri,Kasner's Dwarf Burrowing Skink,NT,EN,G,2022-1
Tetradactylus fitzsimonsi,FitzSimons' Long-tailed Seps,VU,LC,N,2022-1
Trachylepis laevigata,Striped Variable Skink,DD,LC,N,2022-1
Typhlosaurus lomiae,Lomi's Blind Legless Skink,LC,NT,G,2022-1
"",,,,,
AMPHIBIANS (Amphibia),,,,,
Alcalus tasanae,Tasan Eastern Frog,VU,LC,N,2022-1
Allobates fratisenescus,Mera Rocket Frog,DD,VU,N,2022-1
Alytes dickhilleni,Betic Midwife Toad,VU,EN,G,2022-1
Atelopus longirostris,Longnose Harlequin Frog,EX,CR,N,2022-1
Bolitoglossa chica,Hotel Zaracay Salamander,VU,CR,G,2022-1
Caecilia abitaguae,Abitagua Caecilian,DD,EN,N,2022-1
Calotriton asper,Pyrenean Brook Salamander,NT,LC,N,2022-1
Centrolene condor,El Cóndor Glass Frog,DD,EN,N,2022-1
Centrolene sanchezi,Sanchez's Giant Glass Frog,DD,EN,N,2022-1
Chioglossa lusitanica,Golden-striped Salamander,VU,NT,N,2022-1
Ctenophryne aequatorialis,Cuenca Nelson Frog,LC,EN,N,2022-1
Eleutherodactylus alcoae,Barahona Rock Frog,EN,LC,N,2022-1
Eleutherodactylus auriculatoides,Northern Hammer Frog,EN,VU,N,2022-1
Eleutherodactylus diplasius,Patternless Whistling Frog,EN,CR,N,2022-1
Eleutherodactylus inoptatus,Hispaniolan Giant Frog,LC,NT,G,2022-1
Eleutherodactylus leoncei,Southern Pastel Frog,CR,EN,N,2022-1
Eleutherodactylus parabates,Neiba Whistling Frog,CR,EN,N,2022-1
Eleutherodactylus pictissimus,Hispaniolan Yellow-mottled Frog,VU,LC,N,2022-1
Eleutherodactylus rufifemoralis,Baoruco Red-legged Frog,CR,EN,N,2022-1
Euproctus platycephalus,Sardinian Brook Salamander,EN,VU,N,2022-1
Hyloscirtus alytolylax,Tadapi Treefrog,NT,LC,N,2022-1
Leptobrachella bourreti,Bourret's Asian Toad,DD,VU,N,2022-1
Leptobrachella ventripunctata,Speckle-bellied Metacarpal-tubercled Toad,DD,LC,N,2022-1
Niceforonia peraccai,Peracca's Andes Frog,DD,EN,N,2022-1
Nidirana lini,East China Music Frog,DD,LC,N,2022-1
Nymphargus siren,Siren Glassfrog,VU,EN,G,2022-1
Paruwrobates erythromos,Palenque Poison Frog,DD,CR,N,2022-1
Peltophryne guentheri,Southern Hispaniola Crestless Toad,VU,LC,N,2022-1
Pseudophilautus macropus,Bigfoot Shrub Frog,CR,EN,N,2022-1
Pseudophilautus sordidus,Grubby Shrub Frog,NT,VU,N,2022-1
Quasipaa verrucospinosa,Granular Spiny Frog,NT,LC,N,2022-1
Salamandra lanzai,Lanza's Alpine Salamander,VU,CR,G,2022-1
Salamandrina perspicillata,Northern Spectacled Salamander,LC,EN,G,2022-1
Speleomantes ambrosii,Ambrosi's Cave Salamander,NT,CR,G,2022-1
Speleomantes flavus,Mount Albo's Cave Salamander,VU,EN,N,2022-1
Speleomantes italicus,Italian Cave Salamander,NT,EN,G,2022-1
Speleomantes sarrabusensis,Sette Fratelli Cave Salamander,VU,CR,G,2022-1
Speleomantes strinatii,French Cave Salamander,NT,EN,G,2022-1
Triturus dobrogicus,Danube Crested Newt,NT,LC,N,2022-1
Zhangixalus dorsoviridis,Green-back Treefrog,DD,VU,N,2022-1
Zhangixalus duboisi,Dubois' Whipping Frog,DD,VU,N,2022-1
"",,,,,
BONY FISHES (Actinopterygii),,,,,
Acipenser baerii,Siberian Sturgeon,EN,CR,N,2022-1
Acipenser dabryanus,Yangtze Sturgeon,CR,EW,N,2022-1
Acipenser fulvescens,Lake Sturgeon,LC,EN,N,2022-1
Acipenser medirostris,Green Sturgeon,NT,EN,N,2022-1
Acipenser oxyrinchus,Atlantic Sturgeon,NT,VU,N,2022-1
Acipenser ruthenus,Sterlet,VU,EN,N,2022-1
Acipenser transmontanus,White Sturgeon,LC,VU,N,2022-1
Ailia punctata,,DD,LC,N,2022-1
Alosa algeriensis,North African Shad,DD,EN,N,2022-1
Aspidoras maculosus,,LC,DD,N,2022-1
Astyanax trierythropterus,,VU,LC,N,2022-1
Bagarius bagarius,,NT,VU,N,2022-1
Barbodes tumba,,VU,EN,N,2022-1
Brycon orthotaenia,,VU,LC,N,2022-1
Carasobarbus harterti,Stripeless Himri,VU,CR,G,2022-1
Cobitis maroccana,Moroccan Spined Loach,VU,LC,N,2022-1
Copionodon pecten,,LC,NT,N,2022-1
Crenicichla prenda,,DD,NT,N,2022-1
Cyphocharax corumbae,,NT,LC,N,2022-1
Cyprinus multitaeniatus,,DD,NT,E,2022-1
Elopichthys bambusa,Yellowcheek,DD,LC,N,2022-1
Haplochromis desfontainii,Blue Lip Cichlid,EN,CR,G,2022-1
Hemipsilichthys papillatus,,LC,NT,N,2022-1
Istiophorus platypterus,Sailfish,LC,VU,N,2022-1
Kajikia albida,White Marlin,VU,LC,G,2022-1
Kajikia audax,Striped Marlin,NT,LC,G,2022-1
Labeobarbus huloti,,VU,DD,N,2022-1
Labeobarbus reinii,Giant Atlas Barbel,VU,EX,N,2022-1
Lacustricola matthesi,Saisi Lampeye,LC,EN,N,2022-1
Lates macrophthalmus,Albert Lates,EN,VU,N,2022-1
Lepthoplosternum tordilho,,EN,NT,N,2022-1
Leptolebias marmoratus,Annual Tropical Killifish,VU,CR,N,2022-1
Leptopanchax opalescens,Annual Tropical Killifish,VU,CR,G,2022-1
Luciobarbus antinorii,Chott el Djerid Barbel,DD,EX,G,2022-1
Luciobarbus figuigensis,Figuig barbel,LC,VU,N,2022-1
Luciobarbus ksibi,Atlas Barbel,VU,LC,N,2022-1
Luciobarbus leptopogon,Algier Barbel,DD,EN,N,2022-1
Luciobarbus magniatlantis,Tensift Riffle Barbel,LC,EN,N,2022-1
Luciobarbus nasus,,NT,EX,N,2022-1
Mormyrus macrocephalus,,LC,VU,N,2022-1
Mormyrus niloticus,Elephant Snout,DD,NT,N,2022-1
Mylopharyngodon piceus,Black Carp,DD,LC,N,2022-1
Nannocharax niloticus,Broadbar Citharine,LC,DD,N,2022-1
Notholebias minimus,Annual Tropical Killifish,VU,EN,N,2022-1
Ophthalmolebias constanciae,Annual Tropical Killifish,VU,CR,G,2022-1
Oreochromis esculentus,Singidia Tilapia,CR,NT,N,2022-1
Oreochromis variabilis,Victoria Tilapia,CR,NT,N,2022-1
Phreatobius cisternarum,,DD,LC,N,2022-1
Pimelodella kronei,,DD,EN,N,2022-1
Psephurus gladius,Chinese Paddlefish,CR,EX,G,2022-1
Pterocapoeta maroccana,Atlas Scaper,DD,VU,N,2022-1
Pungitius bussei,,DD,LC,N,2022-1
Salaria atlantica,Moroccan Freshwater Blenny,VU,EN,G,2022-1
Scaphirhynchus albus,Pallid Sturgeon,EN,CR,N,2022-1
Squaliobarbus curriculus,Barbel Chub,DD,LC,N,2022-1
Stygichthys typhlops,,DD,EN,N,2022-1
Synodontis macrops,,VU,DD,N,2022-1
Tropidophoxinellus callensis,Maghreb Bleak,DD,LC,N,2022-1
Xiphias gladius,Swordfish,LC,NT,G,2022-1
"",,,,,
BEETLES (Coleoptera),,,,,
Phausis rhombica,,LC,DD,E,2022-1
"",,,,,
"CRUSTACEANS (Branchiopoda, Mxillopoda, Ostracoda, Malacostraca)",,,,,
Metatrichoniscoides celticus,Celtic Woodlouse,VU,NT,N,2022-1
"",,,,,
"SEA ANENOMES, STONY CORALS & SOFT CORALS (Anthozoa)",,,,,
Edwardsia ivelli,Ivell's Sea Anemone,DD,CR,N,2022-1
"",,,,,
FLOWERING PLANTS (Liliopsida and Magnoliopsida),,,,,
Acacia aulacocarpa,,LR/nt,LC,N,2022-1
Actinodaphne lanata,,CR,VU,N,2022-1
Aegiphila fasciculata,,VU,LC,N,2022-1
Aegiphila monstrosa,,VU,LC,N,2022-1
Afrostyrax lepidophyllus,,VU,LC,N,2022-1
Aglaia densisquama,,VU,NT,N,2022-1
Aglaia flavida,,LR/nt,LC,N,2022-1
Aglaia lepiorrhachis,,VU,NT,N,2022-1
Aglaia parksii,,VU,DD,N,2022-1
Aglaia parviflora,,LR/nt,LC,N,2022-1
Aglaia puberulanthera,,VU,NT,N,2022-1
Aglaia subcuprea,,LR/nt,LC,N,2022-1
Alfaroa mexicana,,VU,EN,G,2022-1
Aloidendron ramosissimum,Maiden's Quiver Tree,VU,EN,G,2022-1
Alphonsea curtisii,,LR/lc,NT,N,2022-1
Amanoa bracteosa,,VU,LC,N,2022-1
Amphitecna spathicalyx,,CR,LC,N,2022-1
Andira galeottiana,Macayo,VU,LC,N,2022-1
Angylocalyx talbotii,,VU,LC,N,2022-1
Aspidosperma megalocarpon,,LR/nt,LC,N,2022-1
Atalaya capensis,Cape Wing-nut,LR/cd,LC,N,2022-1
Aubletiana macrostachys,,LR/nt,LC,N,2022-1
Bikinia durandii,,VU,LC,N,2022-1
Brachychiton velutinosus,,VU,LC,N,2022-1
Brahea edulis,Guadalupe Palm,EN,LC,N,2022-1
Burckella sorei,,LR/nt,EN,N,2022-1
Calophyllum nubicola,,EN,VU,N,2022-1
Calpocalyx klainei,Mississé,VU,LC,N,2022-1
Casearia atlantica,,EN,LC,N,2022-1
Cassipourea swaziensis,,DD,LC,N,2022-1
Cephalosphaera usambarensis,,VU,NT,N,2022-1
Chisocheton stellatus,,VU,CR,N,2022-1
Chromolucuma baehniana,Baehni Chromolucuma,LR/lc,NT,N,2022-1
Chrysophyllum brenesii,,LR/cd,LC,N,2022-1
Chrysophyllum hirsutum,,LR/nt,LC,N,2022-1
Cinnamomum micranthum,,LR/cd,LC,N,2022-1
Combretum tenuipetiolatum,,CR,EN,N,2022-1
Conophytum halenbergense,,VU,CR,G,2022-1
Corythophora labriculata,Dwarf Oemanbaklak,VU,LC,N,2022-1
Couepia scottmorii,,CR,DD,N,2022-1
Crossopetalum parvifolium,,LR/lc,EN,N,2022-1
Cryosophila nana,Palo de escoba,LR/nt,LC,N,2022-1
Cryptocarya ferrarsi,,CR,VU,N,2022-1
Cynometra suaheliensis,,VU,NT,N,2022-1
Cynometra ulugurensis,,EN,CR,N,2022-1
Dalbergia cochinchinensis,Siamese Rosewood,VU,CR,N,2022-1
Dalbergia oliveri,Burmese Rosewood,EN,CR,N,2022-1
Damburneya bicolor,,EN,VU,N,2022-1
Damburneya cufodontisii,Quizarrá Amarillo,LR/nt,LC,N,2022-1
Damburneya mirafloris,Aguacate de Monte,VU,EN,N,2022-1
Damburneya smithii,,VU,NT,N,2022-1
Decazyx esparzae,,CR,EN,N,2022-1
Deinbollia nyasica,,EN,CR,N,2022-1
Dendropanax hondurensis,,CR,VU,N,2022-1
Dialium bipindense,,LR/nt,LC,N,2022-1
Dialium lopense,,LR/nt,LC,N,2022-1
Dialium orientale,,LR/nt,VU,N,2022-1
Didelotia unifoliolata,,LR/nt,LC,N,2022-1
Drepananthus olivaceus,,LR/cd,DD,N,2022-1
Ecclinusa parviflora,Temare de Montaña,VU,EN,N,2022-1
Elaeagia pastoensis,Barníz de Pasto,VU,LC,N,2022-1
Elaeocarpus blascoi,Rudrakhsa Tree,EN,CR,N,2022-1
Elaeocarpus venustus,,VU,CR,N,2022-1
Elaeoluma crispa,,LR/nt,VU,G,2022-1
Erythrina tuxtlana,Pitillo,VU,EN,G,2022-1
Eschweilera boltenii,Bolten Eschweilera,VU,DD,N,2022-1
Eschweilera jacquelyniae,,EN,LC,N,2022-1
Eschweilera mexicana,Jicarillo,VU,CR,N,2022-1
Euphorbia neoarborescens,,VU,CR,N,2022-1
Ficus lapathifolia,,VU,LC,N,2022-1
Flindersia amboinensis,,LR/nt,LC,N,2022-1
Flindersia laevicarpa,,VU,LC,N,2022-1
Freziera friedrichsthaliana,,LR/nt,VU,N,2022-1
Garcia nutans,,EN,LC,N,2022-1
Garcinia epunctata,,VU,LC,N,2022-1
Geijera salicifolia,,LR/nt,LC,N,2022-1
Ginoria nudiflora,Guayabillo,VU,LC,N,2022-1
Goniothalamus calycinus,,VU,DD,N,2022-1
Goniothalamus holttumii,,VU,DD,N,2022-1
Goniothalamus majestatis,,VU,EN,N,2022-1
Goniothalamus rhynchantherus,,EN,VU,N,2022-1
Gonystylus calophylloides,,VU,NT,N,2022-1
Gonystylus costalis,,VU,NT,N,2022-1
Gonystylus lucidulus,,VU,LC,N,2022-1
Gonystylus stenosepalus,,VU,NT,N,2022-1
Gyranthera darienensis,Cucarrón,EN,LC,N,2022-1
Hedyosmum burgerianum,,EN,DD,N,2022-1
Helicia symplocoides,,LC,VU,N,2022-1
Hemandradenia mannii,,LR/nt,LC,N,2022-1
Hernandia didymantha,Quiñón,LR/nt,LC,N,2022-1
Hernandia stenura,Talalate,LR/nt,LC,N,2022-1
Hyperbaena jalcomulcensis,,VU,EN,N,2022-1
Ilex brevipedicellata,Shortpedicel Holly,VU,LC,N,2022-1
Ilex marginata,Revoluteleaf Holly,LR/nt,LC,N,2022-1
Ilex quercetorum,,VU,LC,N,2022-1
Inga andersonii,,VU,CR,N,2022-1
Inga calcicola,Huatope,VU,EN,G,2022-1
Inga chiapensis,,VU,EN,G,2022-1
Inga dwyeri,,VU,LC,N,2022-1
Inga ismaelis,Chacaruite,VU,EN,N,2022-1
Inga lacustris,,EN,CR,G,2022-1
Inga portobellensis,,VU,LC,N,2022-1
Juglans olanchana,Nogal,EN,NT,N,2022-1
Kirkia dewinteri,,LC,VU,N,2022-1
Leptobalanus morii,,DD,LC,N,2022-1
Licaria velutina,,VU,EN,G,2022-1
Litsea auriculata,,LR/nt,VU,N,2022-1
Litsea dilleniifolia,,EN,VU,N,2022-1
Lonchocarpus chiricanus,,VU,LC,N,2022-1
Madhuca boerlageana,,CR,VU,N,2022-1
Maerua acuminata,,DD,EN,N,2022-1
Mammea immansueta,,EN,LC,N,2022-1
Mastixiodendron stoddardii,,VU,LC,N,2022-1
Matisia exalata,,EN,LC,N,2022-1
Matudaea trinervia,,VU,LC,N,2022-1
Mesua macrophylla,,VU,DD,N,2022-1
Miconia silicicola,Silicicolous Maya,LR/nt,LC,N,2022-1
Miconia superba,Superb Maya,LR/nt,LC,N,2022-1
Microberlinia bisulcata,,CR,EN,N,2022-1
Miliusa amplexicaulis,,LR/lc,VU,N,2022-1
Monteverdia jefeana,,EN,VU,N,2022-1
Moquilea chiriquiensis,,CR,DD,N,2022-1
Moquilea fasciculata,,EN,LC,N,2022-1
Nectandra apiculata,,VU,CR,N,2022-1
Nectandra subbullata,,VU,EN,N,2022-1
Ocotea benthamiana,,VU,LC,N,2022-1
Ocotea glaucosericea,,LR/nt,LC,N,2022-1
Ocotea jorge-escobarii,,EN,LC,N,2022-1
Ocotea rivularis,,VU,NT,N,2022-1
Ocotea uxpanapana,Aguacatillo,VU,EN,G,2022-1
Oldenburgia grandis,Suurberg Cushion Bush,LR/nt,LC,N,2022-1
Oreopanax echinops,,VU,LC,N,2022-1
Oreopanax peltatus,,VU,LC,N,2022-1
Orophea uniflora,,VU,NT,N,2022-1
Ozoroa namaquensis,,DD,LC,N,2022-1
Parathesis vulgata,,EN,NT,N,2022-1
Parmentiera cereifera,Palo De Velas,EN,LC,N,2022-1
Parmentiera morii,,CR,DD,N,2022-1
Pavetta axillipara,,VU,LC,N,2022-1
Pavetta holstii,,VU,NT,N,2022-1
Pavetta lynesii,,VU,NT,N,2022-1
Pavetta manyanguensis,,VU,EN,N,2022-1
Pavetta nitidissima,,VU,LC,N,2022-1
Pavetta sparsipila,,VU,EN,N,2022-1
Persea ruizii,,VU,LC,N,2022-1
Phyllanthus deciduiramus,,CR,EN,N,2022-1
Phyllanthus deplanchei,,VU,LC,N,2022-1
Phyllanthus kouaouaensis,,EN,CR,N,2022-1
Phyllanthus unifoliatus,,EN,VU,N,2022-1
Plagiosiphon longitubus,,CR,LC,N,2022-1
Platypterocarpus tanganyikensis,,CR,EN,N,2022-1
Pleioceras orientale,,VU,EN,N,2022-1
Plesiatropha carpinifolia,,VU,LC,N,2022-1
Polysphaeria macrantha,,VU,LC,N,2022-1
Popowia pauciflora,,CR,DD,N,2022-1
Popowia perakensis,,LR/lc,DD,N,2022-1
Popowia velutina,,CR,LC,N,2022-1
Pouteria buenaventurensis,Caimito,LR/nt,LC,N,2022-1
Pouteria calistophylla,Chicle,VU,LC,N,2022-1
Pouteria leptopedicellata,,VU,NT,N,2022-1
Quararibea aurantiocalyx,,EN,CR,N,2022-1
Quararibea gomeziana,,EN,VU,N,2022-1
Quararibea platyphylla,,EN,VU,N,2022-1
Quararibea pterocalyx,Wild Palm,VU,LC,N,2022-1
Quararibea santaritensis,,CR,DD,N,2022-1
Quararibea yunckeri,,CR,LC,N,2022-1
Rawsonia burtt-davyi,,VU,CR,N,2022-1
Rhaptopetalum sindarense,,VU,LC,N,2022-1
Rinorea uxpanapana,,VU,EN,G,2022-1
Roystonea dunlapiana,Palma real mexicana,EN,LC,N,2022-1
Sabal gretherae,bon,VU,DD,N,2022-1
Saurauia oreophila,,VU,LC,N,2022-1
Soyauxia talbotii,,EN,LC,N,2022-1
Stephanopodium longipedicellatum,,VU,EN,N,2022-1
Syndiclis lotungensis,,VU,CR,N,2022-1
Terminalia tetraptera,,LR/nt,VU,N,2022-1
Trichoscypha bijuga,,NT,LC,N,2022-1
Trichoscypha mannii,,VU,LC,N,2022-1
Varronia bellonis,,CR,EN,N,2022-1
Xanthostemon oppositifolius,Southern Penda,EN,VU,N,2022-1
Xyris festucifolia,,LC,VU,N,2022-1
Zanthoxylum panamense,Lagarto,EN,LC,N,2022-1
Zenkerella perplexa,,VU,CR,N,2022-1
"",,,,,
CYADS (Cycadopsida),,,,,
Ceratozamia euryphyllidia,,CR,EN,N,2022-1
Ceratozamia fuscoviridis,,CR,EN,N,2022-1
Ceratozamia hildae,Bamboo Cycad,EN,CR,N,2022-1
Ceratozamia latifolia,,EN,VU,N,2022-1
Ceratozamia mexicana,Costilla de León,VU,CR,N,2022-1
Ceratozamia miqueliana,Palmita,CR,EN,N,2022-1
Ceratozamia zaragozae,,CR,EN,N,2022-1
Cycas zeylanica,,VU,CR,N,2022-1
Dioon holmgrenii,Sun Palm,EN,VU,N,2022-1
Dioon mejiae,,LC,EN,N,2022-1
Dioon purpusii,Palma Real,VU,EN,N,2022-1
Encephalartos concinnus,Runde Cycad,EN,CR,G,2022-1
Encephalartos heenanii,Heenan's Cycad,CR,EW,G,2022-1
Encephalartos ituriensis,Ituri Forest Cycad,NT,VU,N,2022-1
Encephalartos lanatus,Olifants River Cycad,NT,VU,G,2022-1
Encephalartos lehmannii,Karoo Cycad,NT,VU,G,2022-1
Encephalartos natalensis,Natal Giant Cycad,NT,VU,G,2022-1
Encephalartos transvenosus,Modjadji Cycad,LC,NT,G,2022-1
Macrozamia flexuosa,,EN,NT,N,2022-1
Macrozamia humilis,,VU,CR,N,2022-1
Macrozamia johnsonii,,LC,VU,N,2022-1
Macrozamia parcifolia,,VU,EN,N,2022-1
Macrozamia platyrhachis,,VU,EN,N,2022-1
Zamia amazonum,,NT,LC,N,2022-1
Zamia amplifolia,,CR,EN,N,2022-1
Zamia boliviana,,NT,LC,N,2022-1
Zamia disodon,,CR,EN,N,2022-1
Zamia encephalartoides,Cacao de Indio,VU,EN,N,2022-1
Zamia gentryi,Piña de Monte,CR,EN,N,2022-1
Zamia hymenophyllidia,,CR,LC,N,2022-1
Zamia katzeriana,,EN,CR,N,2022-1
Zamia lecointei,,NT,LC,N,2022-1
Zamia lucayana,,EN,CR,N,2022-1
Zamia macrochiera,,CR,EN,N,2022-1
Zamia muricata,,NT,LC,N,2022-1
Zamia neurophyllidia,,VU,LC,N,2022-1
Zamia obliqua,Chigua,NT,LC,N,2022-1
Zamia oligodonta,,DD,CR,N,2022-1
Zamia oreillyi,Camotillo,VU,CR,N,2022-1
Zamia poeppigiana,,NT,LC,N,2022-1
Zamia prasina,,CR,LC,N,2022-1
Zamia pseudomonticola,,NT,LC,N,2022-1
Zamia pumila,Guáyara,NT,VU,G,2022-1
Zamia pygmaea,Yuquilla de Ratón,CR,EN,N,2022-1
Zamia roezlii,Chigua,NT,LC,N,2022-1
Zamia sandovalii,Yuca de Ratón,NT,EN,N,2022-1
Zamia soconuscensis,,VU,EN,N,2022-1
Zamia standleyi,Yuca de Ratón,VU,LC,N,2022-1
Zamia ulei,,NT,LC,N,2022-1
