"Species","PrvCategory","PstCategory","ReasonForChange","RedListVersion"
"Cephalophus spadix","VU","EN","G","2007"
"Gazella spekei","VU","EN","G","2007"
"Gorilla gorilla","EN","CR","G","2007"
"Lipotes vexillifer","CR","CR (PE)","G","2007"
"Procapra picticaudata","LC","NT","G","2007"
"Branta ruficollis","VU","EN","G","2007"
"Charadrius sanctaehelenae","VU","CR","G","2007"
"Houbaropsis bengalensis","EN","CR","G","2007"
"Neophron percnopterus","LC","EN","G","2007"
"Phoebastria irrorata","VU","CR","G","2007"
"Psittacula eques","CR","EN","G","2007"
"Sarcogyps calvus","LC","VU","G","2007"
"Gavialis gangeticus","EN","CR","G","2007"
"Serranochromis meridianus","LR/cd","EN","G","2007"
"Gulo gulo","VU","NT","G","2008"
"Mustela nigripes","EW","EN","G","2008"
"Arctocephalus philippii","VU","NT","G","2008"
"Arctocephalus townsendi","VU","NT","G","2008"
"Balaena mysticetus","LR/cd","LC","G","2008"
"Eubalaena australis","LR/cd","LC","G","2008"
"Megaptera novaeangliae","VU","LC","G","2008"
"Bison bonasus","EN","VU","G","2008"
"Capra pyrenaica","LR/nt","LC","G","2008"
"Capra walie","CR","EN","G","2008"
"Procapra przewalskii","CR","EN","G","2008"
"Rupicapra pyrenaica","LR/cd","LC","G","2008"
"Eschrichtius robustus","LR/cd","LC","G","2008"
"Pteropus dasymallus","EN","NT","G","2008"
"Pteropus molossinus","CR","VU","G","2008"
"Pteropus samoensis","VU","NT","G","2008"
"Corynorhinus rafinesquii","VU","LC","G","2008"
"Corynorhinus townsendii","VU","LC","G","2008"
"Myotis emarginatus","VU","LC","G","2008"
"Myotis grisescens","EN","NT","G","2008"
"Dasyurus geoffroii","VU","NT","G","2008"
"Dendrolagus lumholtzi","LR/nt","LC","G","2008"
"Macropus irma","LR/nt","LC","G","2008"
"Bettongia lesueur","VU","NT","G","2008"
"Pseudochirulus cinereus","LR/nt","LC","G","2008"
"Pseudochirulus herbertensis","LR/nt","LC","G","2008"
"Equus ferus","EW","CR","G","2008"
"Equus zebra","EN","VU","G","2008"
"Rhinoceros unicornis","EN","VU","G","2008"
"Leontopithecus chrysopygus","CR","EN","G","2008"
"Loxodonta africana","VU","NT","G","2008"
"Castor fiber","NT","LC","G","2008"
"Leporillus conditor","EN","VU","G","2008"
"Pseudomys fieldi","CR","VU","G","2008"
"Pseudomys occidentalis","EN","LC","G","2008"
"Spermophilus suslicus","VU","NT","G","2008"
"Spermophilus washingtoni","VU","NT","G","2008"
"Panthera pardus","LC","NT","G","2008"
"Prionailurus planiceps","VU","EN","G","2008"
"Prionailurus viverrinus","VU","EN","G","2008"
"Spilogale pygmaea","LR/lc","VU","G","2008"
"Aonyx cinerea","NT","VU","G","2008"
"Mustela altaica","LR/lc","NT","G","2008"
"Vormela peregusna","LR/lc","VU","G","2008"
"Arctocephalus galapagoensis","VU","EN","G","2008"
"Neophoca cinerea","LR/lc","EN","G","2008"
"Zalophus wollebaeki","VU","EN","G","2008"
"Monachus schauinslandi","EN","CR","G","2008"
"Hemigalus derbyanus","LR/lc","VU","G","2008"
"Paradoxurus zeylonensis","LR/lc","VU","G","2008"
"Cephalophus jentinki","VU","EN","G","2008"
"Kobus megaceros","LR/nt","EN","G","2008"
"Axis kuhlii","EN","CR","G","2008"
"Hydropotes inermis","LR/nt","VU","G","2008"
"Rucervus eldii","VU","EN","G","2008"
"Rusa timorensis","LR/lc","VU","G","2008"
"Rusa unicolor","LR/lc","VU","G","2008"
"Sus barbatus","LR/lc","VU","G","2008"
"Sus celebensis","LR/lc","NT","G","2008"
"Tayassu pecari","LR/lc","NT","G","2008"
"Amorphochilus schnablii","VU","EN","G","2008"
"Coelops robinsoni","LR/nt","VU","G","2008"
"Tadarida johorensis","LR/nt","VU","G","2008"
"Tadarida mops","LR/lc","NT","G","2008"
"Nycteris tragata","LR/lc","NT","G","2008"
"Lonchorhina fernandezi","VU","EN","G","2008"
"Lonchorhina orinocensis","LR/nt","VU","G","2008"
"Platyrrhinus chocoensis","VU","EN","G","2008"
"Acerodon mackloti","LR/lc","VU","G","2008"
"Eidolon helvum","LC","NT","G","2008"
"Megaerops wetmorei","LR/lc","VU","G","2008"
"Pteropus caniceps","LR/lc","NT","G","2008"
"Pteropus lylei","LR/lc","VU","G","2008"
"Pteropus melanopogon","LR/lc","EN","G","2008"
"Pteropus niger","VU","EN","G","2008"
"Pteropus temminckii","LR/nt","VU","G","2008"
"Pteropus vampyrus","LR/lc","NT","G","2008"
"Pteropus woodfordi","LR/lc","VU","G","2008"
"Rousettus bidens","LR/nt","VU","G","2008"
"Styloctenium wallacei","LR/nt","VU","G","2008"
"Rhinolophus cognatus","VU","EN","G","2008"
"Rhinolophus sedulus","LR/lc","NT","G","2008"
"Corynorhinus mexicanus","LR/lc","NT","G","2008"
"Hesperoptenus tomesi","LR/lc","VU","G","2008"
"Kerivoula pellucida","LR/lc","NT","G","2008"
"Murina aenea","LR/nt","VU","G","2008"
"Murina rozendaali","LR/nt","VU","G","2008"
"Phoniscus atrox","LR/lc","NT","G","2008"
"Rhogeessa minutilla","LR/nt","VU","G","2008"
"Dasyurus hallucatus","LR/nt","EN","G","2008"
"Pseudantechinus bilarni","LR/lc","NT","G","2008"
"Sarcophilus harrisii","LR/lc","EN","G","2008"
"Myrmecobius fasciatus","VU","EN","G","2008"
"Burramys parvus","EN","CR","G","2008"
"Dendrolagus mbaiso","VU","CR","G","2008"
"Dendrolagus scottae","EN","CR","G","2008"
"Dorcopsis luctuosa","LR/lc","VU","G","2008"
"Dorcopsulus vanheurni","LR/lc","NT","G","2008"
"Petaurus abidi","VU","CR","G","2008"
"Phalanger lullulae","LR/lc","EN","G","2008"
"Phalanger matanim","EN","CR","G","2008"
"Spilocuscus kraemeri","LR/lc","NT","G","2008"
"Spilocuscus rufoniger","EN","CR","G","2008"
"Bettongia penicillata","LR/cd","CR","G","2008"
"Pseudochirops coronatus","LR/lc","VU","G","2008"
"Ochotona iliensis","VU","EN","G","2008"
"Equus hemionus","VU","EN","G","2008"
"Manis javanica","LR/nt","EN","G","2008"
"Manis pentadactyla","LR/nt","EN","G","2008"
"Saguinus niger","LC","VU","G","2008"
"Macaca hecki","LR/nt","VU","G","2008"
"Macaca nigra","EN","CR","G","2008"
"Macaca tonkeana","LR/nt","VU","G","2008"
"Presbytis melalophos","LR/nt","EN","G","2008"
"Presbytis thomasi","LR/nt","VU","G","2008"
"Pygathrix cinerea","EN","CR","G","2008"
"Trachypithecus obscurus","LR/lc","NT","G","2008"
"Hylobates agilis","LR/nt","EN","G","2008"
"Hylobates albibarbis","LR/nt","EN","G","2008"
"Hylobates klossii","VU","EN","G","2008"
"Hylobates lar","LR/nt","EN","G","2008"
"Hylobates muelleri","LR/nt","EN","G","2008"
"Nomascus concolor","EN","CR","G","2008"
"Symphalangus syndactylus","LR/nt","EN","G","2008"
"Nycticebus coucang","LR/lc","VU","G","2008"
"Tarsius bancanus","LR/lc","VU","G","2008"
"Abrothrix illuteus","LR/lc","NT","G","2008"
"Abrothrix sanborni","LR/lc","NT","G","2008"
"Akodon latebricola","LR/lc","VU","G","2008"
"Akodon surdus","LR/lc","VU","G","2008"
"Arborimus longicaudus","LR/lc","NT","G","2008"
"Arvicola sapidus","LR/nt","VU","G","2008"
"Calomys hummelincki","LR/lc","VU","G","2008"
"Mesocricetus brandti","LR/lc","NT","G","2008"
"Microtus oaxacensis","LR/nt","EN","G","2008"
"Microtus quasiater","LR/lc","NT","G","2008"
"Microtus umbrosus","LR/lc","EN","G","2008"
"Neotoma palatina","LR/nt","VU","G","2008"
"Reithrodontomys microdon","LR/nt","VU","G","2008"
"Reithrodontomys spectabilis","EN","CR","G","2008"
"Sigmodon alleni","LR/lc","VU","G","2008"
"Thomasomys hylophilus","LR/lc","EN","G","2008"
"Wilfredomys oenax","LR/lc","EN","G","2008"
"Xenomys nelsoni","LR/nt","EN","G","2008"
"Ctenomys australis","LR/lc","EN","G","2008"
"Allactaga vinogradovi","LR/lc","NT","G","2008"
"Pappogeomys alcorni","VU","CR","G","2008"
"Chaetodipus goldmani","LR/lc","VU","G","2008"
"Dipodomys nitratoides","LR/nt","VU","G","2008"
"Gerbillus gleadowi","LR/lc","NT","G","2008"
"Maxomys rajah","LR/lc","VU","G","2008"
"Maxomys whiteheadi","LR/lc","VU","G","2008"
"Nesokia bunnii","LR/nt","EN","G","2008"
"Niviventer cremoriventer","LR/lc","VU","G","2008"
"Pseudomys fumeus","VU","EN","G","2008"
"Pseudomys novaehollandiae","LR/lc","VU","G","2008"
"Rattus richardsoni","LR/lc","VU","G","2008"
"Solomys ponceleti","EN","CR","G","2008"
"Solomys salebrosus","LR/nt","EN","G","2008"
"Solomys sapientis","VU","EN","G","2008"
"Uromys neobritannicus","LR/lc","EN","G","2008"
"Zyzomys maini","LR/lc","NT","G","2008"
"Octodon bridgesi","LR/lc","VU","G","2008"
"Octodon pacificus","VU","CR","G","2008"
"Callosciurus adamsi","LR/lc","VU","G","2008"
"Callosciurus melanogaster","LR/lc","VU","G","2008"
"Marmota sibirica","LR/lc","EN","G","2008"
"Marmota vancouverensis","EN","CR","G","2008"
"Petaurista nobilis","LR/nt","VU","G","2008"
"Petinomys genibarbis","LR/lc","VU","G","2008"
"Petinomys lugens","LR/nt","EN","G","2008"
"Petinomys setosus","LR/lc","VU","G","2008"
"Petinomys vordermanni","LR/lc","VU","G","2008"
"Pteromyscus pulverulentus","LR/nt","EN","G","2008"
"Ratufa bicolor","LR/lc","NT","G","2008"
"Rhinosciurus laticaudatus","LR/lc","NT","G","2008"
"Rubrisciurus rubriventer","LR/lc","VU","G","2008"
"Spermophilus perotensis","LR/nt","EN","G","2008"
"Spermophilus xanthoprymnus","LR/lc","NT","G","2008"
"Spalax arenarius","VU","EN","G","2008"
"Spalax zemni","LR/lc","VU","G","2008"
"Ducula galeata","CR","EN","G","2008"
"Apteryx owenii","VU","NT","G","2008"
"Aythya baeri","VU","EN","G","2008"
"Sterna nereis","LC","VU","G","2008"
"Eurynorhynchus pygmeus","EN","CR","G","2008"
"Numenius arquata","LC","NT","G","2008"
"Ducula finschii","LC","NT","G","2008"
"Ducula rubricera","LC","NT","G","2008"
"Reinwardtoena browni","LC","NT","G","2008"
"Centropus violaceus","LC","NT","G","2008"
"Accipiter princeps","NT","VU","G","2008"
"Pauxi pauxi","VU","EN","G","2008"
"Tetrao mlokosiewiczi","DD","NT","G","2008"
"Atrichornis rufescens","NT","VU","G","2008"
"Coracina newtoni","EN","CR","G","2008"
"Corvus kubaryi","EN","CR","G","2008"
"Loxops caeruleirostris","EN","CR","G","2008"
"Stipiturus mallee","VU","EN","G","2008"
"Melidectes whitemanensis","LC","NT","G","2008"
"Mimus trifasciatus","EN","CR","G","2008"
"Megalurulus grosvenori","DD","VU","G","2008"
"Sylvia undata","LC","NT","G","2008"
"Diomedea dabbenena","EN","CR","G","2008"
"Cacatua ophthalmica","LC","VU","G","2008"
"Ninox odiosa","LC","VU","G","2008"
"Tyto aurantia","DD","VU","G","2008"
"Crocodylus rhombifer","EN","CR","G","2008"
"Erymnochelys madagascariensis","EN","CR","G","2008"
"Astrochelys radiata","VU","CR","G","2008"
"Astrochelys yniphora","EN","CR","G","2008"
"Pyxis arachnoides","VU","CR","G","2008"
"Pyxis planicauda","EN","CR","G","2008"
"Thorius macdougalli","EN","VU","G","2008"
"Incilius holdridgei","CR","EX","G","2008"
"Centrolene buckleyi","NT","VU","G","2008"
"Craugastor escoces","CR","EX","G","2008"
"Parvimolge townsendi","EN","CR","G","2008"
"Pseudoeurycea gigantea","EN","CR","G","2008"
"Pseudoeurycea juarezi","EN","CR","G","2008"
"Thorius munificus","EN","CR","G","2008"
"Hemiphlebia mirabilis","VU","EN","G","2008"
"Acrocephalus luscinius","EN","CR","G","2009"
"Anodorhynchus leari","CR","EN","G","2009"
"Balearica regulorum","LC","VU","G","2009"
"Foudia rubra","CR","EN","G","2009"
"Grantiella picta","NT","VU","G","2009"
"Heteromirafra sidamoensis","EN","CR","G","2009"
"Loxioides bailleui","EN","CR","G","2009"
"Menura alberti","VU","NT","G","2009"
"Podiceps gallardoi","NT","EN","G","2009"
"Pterodroma axillaris","CR","EN","G","2009"
"Pterodroma cookii","EN","VU","G","2009"
"Suiriri islerorum","LC","NT","G","2009"
"Todiramphus godeffroyi","EN","CR","G","2009"
"Nectophrynoides asperginis","CR","EW","G","2009"
"Neochanna apoda","LR/nt","VU","G","2009"
"Prototroctes maraena","VU","NT","G","2009"
"Pseudomugil connieae","LR/lc","VU","G","2009"
"Triakis semifasciata","LR/cd","LC","G","2009"
"Biomphalaria tchadiensis","VU","EN","G","2009"
"Partula labrusca","EW","EX","G","2009"
"Partula rosea","CR","EW","G","2009"
"Partula varia","CR","EW","G","2009"
"Samoana attenuata","EN","CR","G","2009"
"Toussaintia orientalis","VU","EN","G","2009"
"Balearica pavonina","NT","VU","G","2010"
"Calidris tenuirostris","LC","VU","G","2010"
"Chaetura pelagica","LC","NT","G","2010"
"Cyanolimnas cerverai","EN","CR","G","2010"
"Emberiza jankowskii","VU","EN","G","2010"
"Numenius madagascariensis","LC","VU","G","2010"
"Ognorhynchus icterotis","CR","EN","G","2010"
"Spheniscus demersus","VU","EN","G","2010"
"Sturnus melanopterus","EN","CR","G","2010"
"Aprasia aurita","VU","CR","G","2010"
"Iguana delicatissima","VU","EN","G","2010"
"Oligosoma otagense","VU","EN","G","2010"
"Vandijkophrynus amatolicus","EN","CR(PE)","G","2010"
"Fundulus waccamensis","VU","EN","G","2010"
"Huso dauricus","EN","CR","G","2010"
"Huso huso","EN","CR","G","2010"
"Xyrauchen texanus","EN","CR","G","2010"
"Chlorolestes elegans","NT","VU","G","2010"
"Cucujus cinnaberinus","VU","NT","G","2010"
"Bellamya mweruensis","EN","CR","G","2010"
"Bellamya pagodiformis","EN","CR","G","2010"
"Biomphalaria tchadiensis","EN","EN","G","2010"
"Bythinella cylindrica","VU","CR","G","2010"
"Melanopsis etrusca","VU","EN","G","2010"
"Cambarus cymatilis","VU","EN","G","2010"
"Cambarus obeyensis","VU","CR","G","2010"
"Cherax tenuimanus","VU","CR","G","2010"
"Engaeus granulatus","EN","CR","G","2010"
"Engaeus spinicaudatus","EN","CR","G","2010"
"Engaeus sternalis","EN","CR","G","2010"
"Engaewa similis","EN","LC","G","2010"
"Euastacus bindal","EN","CR","G","2010"
"Euastacus fleckeri","VU","EN","G","2010"
"Euastacus maidae","EN","CR","G","2010"
"Euastacus neodiversus","VU","EN","G","2010"
"Euastacus yigara","EN","CR","G","2010"
"Hobbseus orconectoides","VU","EN","G","2010"
"Hobbseus valleculus","VU","EN","G","2010"
"Orconectes jeffersoni","VU","EN","G","2010"
"Procambarus apalachicolae","VU","EN","G","2010"
"Agathis lanceolata","LR/cd","VU","G","2010"
"Agathis ovata","LR/cd","EN","G","2010"
"Araucaria biramulata","LR/cd","VU","G","2010"
"Araucaria humboldtensis","LR/cd","EN","G","2010"
"Araucaria montana","LR/lc","VU","G","2010"
"Araucaria muelleri","LR/cd","EN","G","2010"
"Libocedrus yateensis","VU","EN","G","2010"
"Neocallitropsis pancheri","VU","EN","G","2010"
"Parasitaxus ustus","LR/nt","VU","G","2010"
"Podocarpus decumbens","VU","CR","G","2010"
"Podocarpus polyspermus","VU","EN","G","2010"
"Ceratozamia latifolia","VU","EN","G","2010"
"Ceratozamia miqueliana","VU","CR","G","2010"
"Ceratozamia robusta","VU","EN","G","2010"
"Cycas armstrongii","LC","VU","G","2010"
"Cycas elongata","VU","EN","G","2010"
"Cycas lindstromii","VU","EN","G","2010"
"Cycas pachypoda","VU","CR","G","2010"
"Cycas taitungensis","VU","EN","G","2010"
"Encephalartos brevifoliolatus","EW","EW","G","2010"
"Encephalartos cerinus","CR","CR(PE)","G","2010"
"Encephalartos ferox","LC","NT","G","2010"
"Encephalartos whitelockii","VU","CR","G","2010"
"Macrozamia lomandroides","VU","EN","G","2010"
"Stangeria eriopus","NT","VU","G","2010"
"Equus ferus","CR","EN","G","2011"
"Oryx leucoryx","EN","VU","G","2011"
"Sylvilagus mansuetus","NT","CR","G","2011"
"Anas nesiotis","CR","EN","G","2011"
"Ardeotis nigriceps","EN","CR","G","2011"
"Atlapetes pallidiceps","CR","EN","G","2011"
"Columba bollii","NT","LC","G","2011"
"Columba junoniae","EN","NT","G","2011"
"Columba trocaz","NT","LC","G","2011"
"Myiagra albiventris","VU","NT","G","2011"
"Glyptemys insculpta","VU","EN","G","2011"
"Glyptemys muhlenbergii","EN","CR","G","2011"
"Graptemys pulchra","LR/lc","NT","G","2011"
"Terrapene carolina","LR/nt","VU","G","2011"
"Thunnus albacares","LR/lc","NT","G","2011"
"Actinella anaglyptica","VU","NT","G","2011"
"Canariella pthonera","LR/cd","VU","G","2011"
"Candidula setubalensis","VU","EN","G","2011"
"Caseolus calvus","VU","EN","G","2011"
"Cornu mazzullii","VU","EN","G","2011"
"Discus guerinianus","EN","CR","G","2011"
"Hemicycla inutilis","LR/cd","VU","G","2011"
"Lampadia webbiana","VU","EN","G","2011"
"Leiostyla concinna","VU","EN","G","2011"
"Leiostyla degenerata","VU","NT","G","2011"
"Leiostyla relevata","VU","NT","G","2011"
"Lemniscia michaudi","VU","NT","G","2011"
"Orcula fuchsi","LR/nt","CR","G","2011"
"Plutonia reticulata","EN","CR","G","2011"
"Pseudanodonta complanata","LR/nt","VU","G","2011"
"Renea bourguignatiana","VU","CR","G","2011"
"Suboestophora altamirai","LR/nt","VU","G","2011"
"Suboestophora hispanica","LR/nt","VU","G","2011"
"Theba arinagae","VU","CR","G","2011"
"Xerocrassa montserratensis","LR/nt","EN","G","2011"
"Xerotricha gasulli","LR/nt","EN","G","2011"
"Centranthus trinervis","CR","EN","G","2011"
"Silene hicesiae","CR","VU","G","2011"
"Abies pinsapo","LR/nt","EN","G","2011"
"Glyptostrobus pensilis","EN","CR","G","2011"
"Taxus contorta","VU","EN","G","2011"
"Eumetopias jubatus","EN","NT","G","2012"
"Accipiter poliogaster","LC","NT","G","2012"
"Agamia agami","LC","VU","G","2012"
"Amazona festiva","LC","VU","G","2012"
"Amazona kawalli","LC","NT","G","2012"
"Amytornis housei","LC","NT","G","2012"
"Amytornis merrotsyi","LC","NT","G","2012"
"Aphelocoma insularis","NT","VU","G","2012"
"Arremon castaneiceps","LC","NT","G","2012"
"Asthenes helleri","LC","VU","G","2012"
"Atrichornis clamosus","VU","EN","G","2012"
"Atrichornis rufescens","VU","EN","G","2012"
"Aythya baeri","EN","CR","G","2012"
"Cacicus koepckeae","VU","EN","G","2012"
"Calidris pusilla","LC","NT","G","2012"
"Capito dayi","LC","VU","G","2012"
"Cercomacra carbonaria","NT","CR","G","2012"
"Clangula hyemalis","LC","VU","G","2012"
"Conirostrum bicolor","LC","NT","G","2012"
"Conirostrum margaritae","LC","VU","G","2012"
"Conopias cinchoneti","LC","VU","G","2012"
"Cranioleuca curtata","LC","VU","G","2012"
"Cranioleuca marcapatae","LC","VU","G","2012"
"Cranioleuca muelleri","LC","EN","G","2012"
"Crax alector","LC","VU","G","2012"
"Crypturellus atrocapillus","LC","NT","G","2012"
"Crypturellus duidae","LC","NT","G","2012"
"Cyanolyca viridicyanus","LC","NT","G","2012"
"Cyanoramphus cookii","EN","CR","G","2012"
"Dasyornis longirostris","VU","EN","G","2012"
"Deconychura longicauda","LC","NT","G","2012"
"Dendrocolaptes hoffmannsi","LC","VU","G","2012"
"Dendroplex kienerii","LC","NT","G","2012"
"Discosura popelairii","LC","NT","G","2012"
"Dysithamnus leucostictus","LC","VU","G","2012"
"Erythrura gouldiae","EN","NT","G","2012"
"Eubucco versicolor","LC","NT","G","2012"
"Falco deiroleucus","LC","NT","G","2012"
"Geophaps smithii","NT","VU","G","2012"
"Geotrygon saphirina","LC","VU","G","2012"
"Grallaria przewalskii","LC","VU","G","2012"
"Grallaricula flavirostris","LC","NT","G","2012"
"Gyps africanus","NT","EN","G","2012"
"Gyps rueppellii","NT","EN","G","2012"
"Heliodoxa gularis","NT","VU","G","2012"
"Hemispingus parodii","LC","NT","G","2012"
"Herpsilochmus axillaris","LC","VU","G","2012"
"Herpsilochmus motacilloides","LC","NT","G","2012"
"Hylexetastes brigidai","LC","VU","G","2012"
"Hylexetastes uniformis","LC","VU","G","2012"
"Hylophilus olivaceus","LC","NT","G","2012"
"Hypocnemis cantator","LC","NT","G","2012"
"Lepidothrix iris","LC","VU","G","2012"
"Lepidothrix isidorei","LC","NT","G","2012"
"Leptopogon taczanowskii","LC","NT","G","2012"
"Lophornis gouldii","LC","VU","G","2012"
"Lorius domicella","VU","EN","G","2012"
"Melanitta fusca","LC","EN","G","2012"
"Mitu tomentosum","LC","NT","G","2012"
"Myrmoborus lugubris","LC","VU","G","2012"
"Myrmoborus melanurus","NT","VU","G","2012"
"Myrmornis torquata","LC","NT","G","2012"
"Myrmotherula gutturalis","LC","NT","G","2012"
"Myrmotherula surinamensis","LC","VU","G","2012"
"Neomorphus squamiger","NT","VU","G","2012"
"Nothocercus nigrocapillus","LC","VU","G","2012"
"Odontophorus gujanensis","LC","NT","G","2012"
"Odontophorus speciosus","LC","NT","G","2012"
"Odontorchilus cinereus","LC","NT","G","2012"
"Pachycephala rufogularis","NT","VU","G","2012"
"Patagioenas subvinacea","LC","VU","G","2012"
"Penelope pileata","NT","VU","G","2012"
"Percnostola lophotes","LC","NT","G","2012"
"Phlogophilus hemileucurus","NT","VU","G","2012"
"Phylloscartes gualaquizae","LC","NT","G","2012"
"Picumnus minutissimus","LC","NT","G","2012"
"Picumnus spilogaster","LC","VU","G","2012"
"Picumnus steindachneri","VU","EN","G","2012"
"Picumnus varzeae","LC","EN","G","2012"
"Pionites leucogaster","LC","VU","G","2012"
"Pipile cumanensis","LC","VU","G","2012"
"Podiceps gallardoi","EN","CR","G","2012"
"Poecilotriccus luluae","VU","EN","G","2012"
"Pomarea dimidiata","EN","VU","G","2012"
"Prioniturus verticalis","EN","CR","G","2012"
"Psophia viridis","LC","EN","G","2012"
"Pteroglossus bitorquatus","LC","NT","G","2012"
"Puffinus yelkouan","NT","VU","G","2012"
"Pyrilia barrabandi","LC","NT","G","2012"
"Pyrilia caica","LC","NT","G","2012"
"Pyrilia vulturina","LC","VU","G","2012"
"Pyrrhura lepida","NT","VU","G","2012"
"Pyrrhura perlata","LC","VU","G","2012"
"Pyrrhura rupicola","LC","NT","G","2012"
"Ramphastos ambiguus","LC","VU","G","2012"
"Rhegmatorhina gymnops","LC","VU","G","2012"
"Rhegmatorhina hoffmannsi","LC","NT","G","2012"
"Sclerurus albigularis","LC","NT","G","2012"
"Sericossypha albocristata","LC","VU","G","2012"
"Snowornis subalaris","LC","NT","G","2012"
"Spizaetus ornatus","LC","NT","G","2012"
"Sterna acuticauda","NT","EN","G","2012"
"Synallaxis cabanisi","LC","NT","G","2012"
"Synallaxis kollari","EN","CR","G","2012"
"Synallaxis maranonica","VU","CR","G","2012"
"Synallaxis moesta","LC","NT","G","2012"
"Tangara argyrofenges","LC","VU","G","2012"
"Thamnophilus cryptoleucus","LC","NT","G","2012"
"Thamnophilus nigrocinereus","LC","NT","G","2012"
"Thamnophilus tenuepunctatus","LC","VU","G","2012"
"Thinornis rubricollis","NT","VU","G","2012"
"Tinamus guttatus","LC","NT","G","2012"
"Tinamus major","LC","NT","G","2012"
"Tinamus tao","LC","VU","G","2012"
"Touit huetii","LC","VU","G","2012"
"Xanthomyza phrygia","EN","CR","G","2012"
"Xipholena lamellipennis","LC","NT","G","2012"
"Zebrilus undulatus","LC","NT","G","2012"
"Zimmerius cinereicapilla","LC","VU","G","2012"
"Calamaria ingeri","EN","CR","G","2012"
"Cyclura lewisi","CR","EN","G","2012"
"Naja siamensis","LC","VU","G","2012"
"Anodonthyla hutchisoni","DD","EN","G","2012"
"Leptoxis taeniata","VU","EN","G","2012"
"Marstonia ozarkensis","DD","CR","G","2012"
"Potamilus capax","CR","VU","G","2012"
"Pyrgulopsis metcalfi","VU","EN","G","2012"
"Pyrgulopsis roswellensis","DD","VU","G","2012"
"Pyrgulopsis thompsoni","VU","NT","G","2012"
"Pyrgulopsis trivialis","DD","CR","G","2012"
"Stagnicola bonnevillensis","VU","CR","G","2012"
"Borassus madagascariensis","VU","EN","G","2012"
"Dypsis andrianatonga","LR/nt","VU","G","2012"
"Dypsis basilonga","EN","CR","G","2012"
"Dypsis malcomberi","VU","EN","G","2012"
"Dypsis mcdonaldiana","VU","EN","G","2012"
"Dypsis sahanofensis","EN","CR","G","2012"
"Masoala madagascariensis","VU","CR","G","2012"
"Newtonia erlangeri","LR/nt","EN","G","2012"
"Ravenea lakatra","EN","CR","G","2012"
"Ravenea louvelii","EN","CR","G","2012"
"Tayassu pecari","NT","VU","G","2013"
"Urocyon littoralis","CR","NT","G","2013"
"Acrocephalus rodericanus","EN","NT","G","2013"
"Acrocephalus sorghophilus","VU","EN","G","2013"
"Ardeotis kori","LC","NT","G","2013"
"Cacatua alba","VU","EN","G","2013"
"Emberiza aureola","VU","EN","G","2013"
"Eupodotis afra","LC","VU","G","2013"
"Foudia flavicans","VU","NT","G","2013"
"Garrulax rufifrons","NT","EN","G","2013"
"Oriolus mellianus","VU","EN","G","2013"
"Oryzoborus maximiliani","NT","VU","G","2013"
"Phalacrocorax capensis","NT","EN","G","2013"
"Picoides borealis","VU","NT","G","2013"
"Polemaetus bellicosus","NT","VU","G","2013"
"Sarothrura ayresi","EN","CR","G","2013"
"Thalassarche chrysostoma","VU","EN","G","2013"
"Dermochelys coriacea","CR","VU","G","2013"
"Balebreviceps hillmani","EN","CR","G","2013"
"Duellmanohyla uranochroa","CR","EN","G","2013"
"Lithobates vibicarius","CR","VU","G","2013"
"Mannophryne olmonae","CR","VU","G","2013"
"Melanophryniscus admirabilis","NT","CR","G","2013"
"Cyprinodon pecosensis","CR","VU","G","2013"
"Dionda diaboli","VU","EN","G","2013"
"Ictalurus pricei","VU","EN","G","2013"
"Noturus taylori","VU","EN","G","2013"
"Oregonichthys crameri","VU","LC","G","2013"
"Percina antesella","VU","EN","G","2013"
"Percina cymatotaenia","EN","VU","G","2013"
"Percina jenkinsi","VU","CR","G","2013"
"Plagopterus argentissimus","VU","CR","G","2013"
"Pogonichthys macrolepidotus","EN","LC","G","2013"
"Cedrus atlantica","LC","EN","G","2013"
"Chamaecyparis lawsoniana","VU","NT","G","2013"
"Nageia maxima","VU","EN","G","2013"
"Nageia motleyi","LC","VU","G","2013"
"Picea purpurea","LC","NT","G","2013"
"Pinus albicaulis","VU","EN","G","2013"
"Pinus coulteri","LC","NT","G","2013"
"Pinus durangensis","LC","NT","G","2013"
"Pinus radiata","LR/cd","EN","G","2013"
"Podocarpus confertus","LC","EN","G","2013"
"Podocarpus ridleyi","LC","VU","G","2013"
"Podocarpus rumphii","LC","NT","G","2013"
"Podocarpus teysmannii","LC","NT","G","2013"
"Podocarpus urbanii","NT","CR","G","2013"
"Taxus chinensis","LC","EN","G","2013"
"Taxus globosa","NT","EN","G","2013"
"Tsuga canadensis","LC","NT","G","2013"
"Widdringtonia whytei","EN","CR","G","2013"
"Ariocarpus scaphirostris","VU","EN","G","2013"
"Cereus mirabella","VU","EN","G","2013"
"Discocactus horstii","EN","VU","G","2013"
"Diospyros katendei","CR","CR(PE)","G","2013"
"Mammillaria aureilanata","VU","EN","G","2013"
"Mammillaria guelzowiana","CR","LC","G","2013"
"Micranthocereus albicephalus","NT","VU","G","2013"
"Pereskia aureiflora","VU","EN","G","2013"
"Rhipsalis oblonga","NT","VU","G","2013"
"Thelocactus hastifer","VU","EN","G","2013"
"Avahi laniger","LC","VU","G","2014"
"Daubentonia madagascariensis","NT","EN","G","2014"
"Eulemur albifrons","VU","EN","G","2014"
"Eulemur cinereiceps","EN","CR","G","2014"
"Eulemur collaris","VU","EN","G","2014"
"Eulemur coronatus","VU","EN","G","2014"
"Eulemur mongoz","VU","CR","G","2014"
"Hapalemur aureus","EN","CR","G","2014"
"Indri indri","EN","CR","G","2014"
"Lemur catta","NT","EN","G","2014"
"Lepilemur edwardsi","VU","EN","G","2014"
"Manis crassicaudata","NT","EN","G","2014"
"Mirza coquereli","NT","EN","G","2014"
"Mirza zaza","VU","EN","G","2014"
"Phaner electromontis","VU","EN","G","2014"
"Phaner furcifer","LC","VU","G","2014"
"Phaner pallescens","LC","EN","G","2014"
"Phaner parienti","VU","EN","G","2014"
"Propithecus deckenii","VU","EN","G","2014"
"Propithecus diadema","EN","CR","G","2014"
"Propithecus tattersalli","EN","CR","G","2014"
"Propithecus verreauxi","VU","EN","G","2014"
"Varecia rubra","EN","CR","G","2014"
"Accipiter erythrauchen","LC","NT","G","2014"
"Anodorhynchus hyacinthinus","EN","VU","G","2014"
"Brachyramphus brevirostris","CR","NT","G","2014"
"Didunculus strigirostris","EN","CR","G","2014"
"Eulidia yarrellii","EN","CR","G","2014"
"Falco fasciinucha","NT","VU","G","2014"
"Falco punctatus","VU","EN","G","2014"
"Liocichla bugunorum","VU","CR","G","2014"
"Pica nuttalli","LC","NT","G","2014"
"Prioniturus luconensis","VU","EN","G","2014"
"Altiphrynoides osgoodi","VU","CR(PE)","G","2014"
"Andinobates dorisswansonae","CR","VU","G","2014"
"Andinobates tolimensis","EN","VU","G","2014"
"Acanthobrama telavivensis","EW","VU","G","2014"
"Anguilla bicolor","LC","NT","G","2014"
"Catostomus santaanae","VU","EN","G","2014"
"Chasmistes cujus","CR","EN","G","2014"
"Cyprinodon diabolis","VU","CR","G","2014"
"Hypomesus transpacificus","EN","CR","G","2014"
"Luciobarbus longiceps","VU","EN","G","2014"
"Typhlogarra widdowsoni","VU","CR","G","2014"
"Plectostoma retrovertens","VU","CR(PE)","G","2014"
"Sculptiferussacia clausiliaeformis","VU","EN","G","2014"
"Polposipus herculeanus","CR","VU","G","2014"
"Labidura herculeana","CR","EX","G","2014"
"Riekoperla darlingtoni","VU","CR","G","2014"
"Agathis montana","NT","CR","G","2014"
"Magnolia calimaensis","EN","CR","G","2014"
"Magnolia cararensis","EN","CR","G","2014"
"Magnolia colombiana","VU","CR","G","2014"
"Magnolia grandis","VU","CR","G","2014"
"Magnolia katiorum","EN","CR","G","2014"
"Magnolia ovoidea","EN","CR","G","2014"
"Magnolia polyhypsophylla","EN","CR","G","2014"
"Magnolia rostrata","VU","EN","G","2014"
"Magnolia urraoensis","VU","EN","G","2014"
"Magnolia virolinensis","VU","CR","G","2014"
"Costus geothyrsus","VU","CR","G","2014"
"Nepenthes klossii","VU","EN","G","2014"
"Nepenthes sumatrana","LR/lc","CR","G","2014"
"Arctocephalus townsendi","NT","LC","G","2015"
"Capra falconeri","EN","NT","G","2015"
"Caracal aurata","NT","VU","G","2015"
"Dendrohyrax validus","LC","NT","G","2015"
"Fossa fossana","NT","VU","G","2015"
"Lynx pardinus","CR","EN","G","2015"
"Mungotictis decemlineata","VU","EN","G","2015"
"Phocarctos hookeri","VU","EN","G","2015"
"Acrocephalus sechellensis","VU","NT","G","2015"
"Alca torda","LC","NT","G","2015"
"Amytornis dorotheae","NT","VU","G","2015"
"Anas chlorotis","EN","NT","G","2015"
"Anthus pratensis","LC","NT","G","2015"
"Aquila nipalensis","LC","EN","G","2015"
"Calidris canutus","LC","NT","G","2015"
"Calidris ferruginea","LC","NT","G","2015"
"Calidris ruficollis","LC","NT","G","2015"
"Calidris tenuirostris","VU","EN","G","2015"
"Camarhynchus pallidus","LC","VU","G","2015"
"Camarhynchus psittacula","LC","VU","G","2015"
"Fratercula arctica","LC","VU","G","2015"
"Gyps africanus","EN","CR","G","2015"
"Gyps coprotheres","VU","EN","G","2015"
"Gyps rueppelli","EN","CR","G","2015"
"Larus audouinii","NT","LC","G","2015"
"Lathamus discolor","EN","CR","G","2015"
"Limosa lapponica","LC","NT","G","2015"
"Melanitta fusca","EN","VU","G","2015"
"Necrosyrtes monachus","EN","CR","G","2015"
"Numenius madagascariensis","VU","EN","G","2015"
"Pterodroma axillaris","EN","VU","G","2015"
"Rhinoplax vigil","NT","CR","G","2015"
"Torgos tracheliotos","VU","EN","G","2015"
"Trigonoceps occipitalis","VU","CR","G","2015"
"Psammobates geometricus","EN","CR","G","2015"
"Leiopelma hamiltoni","EN","VU","G","2015"
"Rhinella atacamensis","LC","VU","G","2015"
"Coryphopterus hyalinus","LC","VU","G","2015"
"Maniola chia","LC","NT","G","2015"
"Magnolia lotungensis","LR/nt","EN","G","2015"
"Magnolia odora","LR/nt","VU","G","2015"
"Ailuropoda melanoleuca","EN","VU","G","2016"
"Antechinus bellus","LC","VU","G","2016"
"Cephalophus dorsalis","LC","NT","G","2016"
"Cephalophus leucogaster","LC","NT","G","2016"
"Cephalophus silvicultor","LC","NT","G","2016"
"Conilurus penicillatus","NT","VU","G","2016"
"Dasyurus viverrinus","NT","EN","G","2016"
"Dendrolagus spadix","LC","VU","G","2016"
"Desmana moschata","VU","EN","G","2016"
"Equus quagga","LC","NT","G","2016"
"Eupleres goudotii","EN","VU","G","2016"
"Galidictis fasciata","NT","VU","G","2016"
"Giraffa camelopardalis","LC","VU","G","2016"
"Gorilla beringei","EN","CR","G","2016"
"Gymnobelideus leadbeateri","EN","CR","G","2016"
"Hipposideros hypophyllus","EN","CR","G","2016"
"Leporillus conditor","VU","NT","G","2016"
"Melomys rubicola","CR","EX","G","2016"
"Mesembriomys gouldii","NT","VU","G","2016"
"Muntiacus atherodes","LC","NT","G","2016"
"Muntiacus vuquangensis","EN","CR","G","2016"
"Notomys cervinus","VU","NT","G","2016"
"Nyctalus lasiopterus","NT","VU","G","2016"
"Onychogalea fraenata","EN","VU","G","2016"
"Ornithorhynchus anatinus","LC","NT","G","2016"
"Pantholops hodgsonii","EN","NT","G","2016"
"Perameles gunnii","NT","VU","G","2016"
"Petauroides volans","LC","VU","G","2016"
"Petaurus australis","LC","NT","G","2016"
"Petrogale godmani","LC","NT","G","2016"
"Petrogale lateralis","NT","VU","G","2016"
"Petrogale mareeba","LC","NT","G","2016"
"Petrogale purpureicollis","LC","NT","G","2016"
"Phascolarctos cinereus","LC","VU","G","2016"
"Pongo pygmaeus","EN","CR","G","2016"
"Pteropus caniceps","NT","VU","G","2016"
"Pteropus livingstonii","EN","CR","G","2016"
"Thylamys fenestrae","LC","NT","G","2016"
"Thylamys velutinus","LC","NT","G","2016"
"Charadrius sanctaehelenae","CR","VU","G","2016"
"Chloropsis sonnerati","LC","VU","G","2016"
"Cyanoramphus forbesi","EN","VU","G","2016"
"Emberiza rustica","LC","VU","G","2016"
"Garrulax bicolor","VU","EN","G","2016"
"Garrulax rufifrons","EN","CR","G","2016"
"Hydrobates leucorhous","LC","VU","G","2016"
"Icterus oberi","CR","VU","G","2016"
"Pycnonotus zeylanicus","VU","EN","G","2016"
"Pygoscelis adeliae","NT","LC","G","2016"
"Pygoscelis papua","NT","LC","G","2016"
"Pyrrhula murina","EN","VU","G","2016"
"Sternula balaenarum","NT","VU","G","2016"
"Terenura sicki","EN","CR","G","2016"
"Zosterops flavus","NT","VU","G","2016"
"Zosterops modestus","EN","VU","G","2016"
"Acanthochelys pallidipectoris","VU","EN","G","2016"
"Ameiva corvina","VU","CR","G","2016"
"Chelonoidis abingdonii","EW","EX","G","2016"
"Cyclanorbis elegans","LR/nt","CR","G","2016"
"Cyclanorbis senegalensis","LR/nt","VU","G","2016"
"Cycloderma frenatum","LR/nt","EN","G","2016"
"Erythrolamprus cursor","CR","CR(PE)","G","2016"
"Erythrolamprus ornatus","EN","CR","G","2016"
"Geochelone elegans","LR/lc","VU","G","2016"
"Liolaemus dicktracyi","LC","VU","G","2016"
"Mesoclemmys hogei","EN","CR","G","2016"
"Podocnemis lewyana","EN","CR","G","2016"
"Arius festinus","EN","CR","G","2016"
"Bedotia longianalis","LC","EN","G","2016"
"Bedotia marojejy","VU","EN","G","2016"
"Eusphyra blochii","NT","EN","G","2016"
"Katria katria","VU","EN","G","2016"
"Marcusenius victoriae","EN","LC","G","2016"
"Pachypanchax omalonota","LC","EN","G","2016"
"Paretroplus dambabe","EN","CR","G","2016"
"Paretroplus gymnopreopercularis","EN","CR","G","2016"
"Ptychochromis oligacanthus","LC","EN","G","2016"
"Ptychochromoides betsileanus","CR","CR(PE)","G","2016"
"Rheocles alaotrensis","VU","EN","G","2016"
"Rheocles derhami","VU","CR","G","2016"
"Rhincodon typus","VU","EN","G","2016"
"Bellamya phthinotropis","EN","CR","G","2016"
"Ceratophallus concavus","EN","CR","G","2016"
"Ceratophallus crassus","NT","EN","G","2016"
"Cleopatra cridlandi","VU","CR","G","2016"
"Gabbiella barthi","EN","CR","G","2016"
"Agriocnemis palaeforma","NT","VU","G","2016"
"Neodythemis nyungwe","NT","VU","G","2016"
"Acrostira bellamyi","NT","CR","G","2016"
"Acrostira tamarani","NT","EN","G","2016"
"Chrysochraon beybienkoi","VU","CR","G","2016"
"Commidendrum robustum","EN","CR","G","2016"
"Degeneria vitiensis","VU","LC","G","2016"
"Lachanodes arborea","CR","EW","G","2016"
"Magnolia jardinensis","EN","CR","G","2016"
"Neuburgia alata","LR/nt","EN","G","2016"
"Elaphoglossum nervosum","EN","CR","G","2016"
"Cyanea eleeleensis","CR","EX","G","2016"
"Hibiscadelphus woodii","CR","EX","G","2016"
"Melicope macropus","EN","EX","G","2016"
"Aotus nancymaae","LC","VU","G","2017"
"Eudorcas tilonura","VU","EN","G","2017"
"Kobus leche","LC","NT","G","2017"
"Neophocaena asiaeorientalis","VU","EN","G","2017"
"Orcaella brevirostris","VU","EN","G","2017"
"Pelea capreolus","LC","NT","G","2017"
"Pipistrellus murrayi","CR","EX","G","2017"
"Pseudocheirus occidentalis","VU","CR","G","2017"
"Pteropus rennelli","VU","EN","G","2017"
"Pteropus rodricensis","CR","EN","G","2017"
"Redunca fulvorufula","LC","EN","G","2017"
"Tragelaphus derbianus","LC","VU","G","2017"
"Amazona brasiliensis","VU","NT","G","2017"
"Apteryx mantelli","EN","VU","G","2017"
"Apteryx rowi","EN","VU","G","2017"
"Charadrius obscurus","EN","CR","G","2017"
"Diomedea antipodensis","VU","EN","G","2017"
"Emberiza aureola","EN","CR","G","2017"
"Garrulax mitratus","LC","NT","G","2017"
"Lanius meridionalis","LC","VU","G","2017"
"Mimus trifasciatus","CR","EN","G","2017"
"Myrmotherula klagesi","NT","VU","G","2017"
"Nestor notabilis","VU","EN","G","2017"
"Oxyura maccoa","NT","VU","G","2017"
"Pedionomus torquatus","EN","CR","G","2017"
"Pelecanus crispus","VU","NT","G","2017"
"Procellaria westlandica","VU","EN","G","2017"
"Rissa tridactyla","LC","VU","G","2017"
"Sporophila maximiliani","VU","EN","G","2017"
"Troglodytes cobbi","VU","LC","G","2017"
"Ctenotus zastictus","VU","NT","G","2017"
"Delma impar","VU","EN","G","2017"
"Emoia nativitatis","CR","EX","G","2017"
"Homopholis mulleri","LR/nt","VU","G","2017"
"Homopus signatus","LR/nt","VU","G","2017"
"Lepidodactylus listeri","VU","EW","G","2017"
"Platysaurus relictus","LR/nt","LC","G","2017"
"Ramphotyphlops exocoeti","VU","EN","G","2017"
"Gastrotheca antomia","VU","CR","G","2017"
"Gastrotheca aureomaculata","NT","EN","G","2017"
"Pristimantis molybrignus","NT","CR","G","2017"
"Chiloglanis bifurcus","EN","CR","G","2017"
"Enteromius gurneyi","LC","VU","G","2017"
"Amphorella cimensis","VU","NT","G","2017"
"Amphorella melampoides","VU","LC","G","2017"
"Boettgeria crispa","NT","EN","G","2017"
"Boettgeria obesiuscula","VU","CR","G","2017"
"Ligumia nasuta","LR/nt","VU","G","2017"
"Malacolimax wiktori","LR/nt","EN","G","2017"
"Obovaria subrotunda","LR/nt","EN","G","2017"
"Oxychilus agostinhoi","VU","CR","G","2017"
"Ptychobranchus fasciolaris","LR/lc","NT","G","2017"
"Pittosporum brevispinum","EN","CR","G","2017"
"Sorbus wilmottiana","CR","EN","G","2017"
"Balaenoptera physalus","EN","VU","G","2018"
"Eudorcas thomsonii","NT","LC","G","2018"
"Geocapromys brownii","VU","EN","G","2018"
"Oryx beisa","NT","EN","G","2018"
"Pteropus niger","VU","EN","G","2018"
"Ara rubrogenys","EN","CR","G","2018"
"Carpococcyx renauldi","LC","VU","G","2018"
"Chaetura pelagica","NT","VU","G","2018"
"Diomedea amsterdamensis","CR","EN","G","2018"
"Euryceros prevostii","VU","EN","G","2018"
"Garrulax palliatus","LC","NT","G","2018"
"Geronticus eremita","CR","EN","G","2018"
"Lonchura oryzivora","VU","EN","G","2018"
"Melanerpes erythrocephalus","NT","LC","G","2018"
"Nesoenas mayeri","EN","VU","G","2018"
"Oriolia bernieri","VU","EN","G","2018"
"Passerculus henslowii","NT","LC","G","2018"
"Prinia familiaris","LC","NT","G","2018"
"Psittacula longicauda","NT","VU","G","2018"
"Pterodroma sandwichensis","VU","EN","G","2018"
"Puffinus newelli","EN","CR","G","2018"
"Pycnonotus zeylanicus","EN","CR","G","2018"
"Sitta insularis","EN","CR","G","2018"
"Somateria fischeri","LC","NT","G","2018"
"Tachybaptus pelzelnii","VU","EN","G","2018"
"Carettochelys insculpta","VU","EN","G","2018"
"Chersobius boulengeri","NT","EN","G","2018"
"Chersobius signatus","VU","EN","G","2018"
"Cryptactites peringueyi","CR","NT","G","2018"
"Gopherus flavomarginatus","VU","CR","G","2018"
"Iguana delicatissima","EN","CR","G","2018"
"Larutia miodactyla","LC","VU","G","2018"
"Phelsuma guentheri","EN","VU","G","2018"
"Psammobates tentorius","LC","NT","G","2018"
"Tympanocryptis pinguicolla","VU","EN","G","2018"
"Ansonia guibei","EN","CR","G","2018"
"Atelopus pulcher","CR","VU","G","2018"
"Leptobrachella arayai","VU","LC","G","2018"
"Nannophryne cophotis","LC","CR(PE)","G","2018"
"Nannophryne corynetes","VU","EN","G","2018"
"Platymantis banahao","VU","NT","G","2018"
"Werneria bambutensis","EN","CR","G","2018"
"Werneria tandyi","EN","CR","G","2018"
"Aulonocara guentheri","LC","EN","G","2018"
"Aulonocara kandeense","VU","CR","G","2018"
"Aulonocara maylandi","VU","CR","G","2018"
"Bagrus meridionalis","LC","CR","G","2018"
"Champsochromis spilorhynchus","LC","EN","G","2018"
"Chindongo saulosi","VU","CR","G","2018"
"Copadichromis azureus","LC","NT","G","2018"
"Corematodus shiranus","LC","CR(PE)","G","2018"
"Hyporthodus ergastularius","LC","NT","G","2018"
"Mchenga conophoros","VU","CR","G","2018"
"Melanochromis chipokae","VU","CR","G","2018"
"Melanochromis lepidiadaptes","VU","CR","G","2018"
"Nimbochromis fuscotaeniatus","LC","VU","G","2018"
"Oreochromis karongae","EN","CR","G","2018"
"Oreochromis squamipinnis","EN","CR","G","2018"
"Pseudotropheus brevis","LC","EN","G","2018"
"Pseudotropheus cyaneorhabdos","VU","CR","G","2018"
"Serranochromis robustus","LC","CR","G","2018"
"Trematocranus microstoma","LC","EN","G","2018"
"Dipturus innominatus","NT","LC","G","2018"
"Bellamya robertsoni","EN","CR","G","2018"
"Hystricella echinulata","LC","EN","G","2018"
"Ischnura gemina","VU","EN","G","2018"
"Leptobasis lucifer","LC","DD","G","2018"
"Eurytides iphitas","VU","EN","G","2018"
"Parides burchellanus","LR/nt","EN","G","2018"
"Caridina dennerli","EN","CR(PEW)","G","2018"
"Caridina spongicola","EN","CR","G","2018"
"Amaranthus brownii","CR","EX","G","2018"
"Apterosperma oblata","VU","CR","G","2018"
"Aquilaria malaccensis","VU","CR","G","2018"
"Aquilaria microcarpa","VU","EN","G","2018"
"Boswellia pirottae","LR/nt","VU","G","2018"
"Bulbophyllum jaapii","VU","CR","G","2018"
"Carthamus balearicus","VU","NT","G","2018"
"Cenchrus agrimonioides","CR","EN","G","2018"
"Cola porphyrantha","EN","CR","G","2018"
"Coussarea mexicana","VU","EN","G","2018"
"Eugenia koolauensis","EN","CR","G","2018"
"Euphorbia kuwaleana","EN","CR","G","2018"
"Gonystylus bancanus","VU","CR","G","2018"
"Livistona carinensis","VU","EN","G","2018"
"Nepenthes mapuluensis","LR/nt","EN","G","2018"
"Palaquium maingayi","LR/lc","VU","G","2018"
"Psychotria petitii","VU","EN","G","2018"
"Sclerocarya gillettii","VU","EN","G","2018"
"Vatica bantamensis","EN","CR","G","2018"
"Aotus miconax","VU","EN","G","2019"
"Arctocebus calabarensis","LC","NT","G","2019"
"Callithrix aurita","VU","EN","G","2019"
"Callithrix kuhlii","NT","VU","G","2019"
"Cebuella pygmaea","LC","VU","G","2019"
"Cercocebus torquatus","VU","EN","G","2019"
"Cercopithecus diana","VU","EN","G","2019"
"Cercopithecus lowei","LC","VU","G","2019"
"Cercopithecus nictitans","LC","NT","G","2019"
"Cercopithecus roloway","EN","CR","G","2019"
"Cercopithecus sclateri","VU","EN","G","2019"
"Colobus vellerosus","VU","CR","G","2019"
"Lophocebus albigena","LC","VU","G","2019"
"Lophocebus aterrimus","NT","VU","G","2019"
"Miopithecus ogouensis","LC","NT","G","2019"
"Miopithecus talapoin","LC","VU","G","2019"
"Notopteris neocaledonica","VU","EN","G","2019"
"Oryctolagus cuniculus","NT","EN","G","2019"
"Otomys laminatus","LC","NT","G","2019"
"Piliocolobus oustaleti","LC","VU","G","2019"
"Piliocolobus pennantii","EN","CR","G","2019"
"Piliocolobus rufomitratus","EN","CR","G","2019"
"Piliocolobus tholloni","NT","VU","G","2019"
"Piliocolobus waldroni","CR","CR(PE)","G","2019"
"Porcula salvania","CR","EN","G","2019"
"Procolobus verus","NT","VU","G","2019"
"Rousettus madagascariensis","NT","VU","G","2019"
"Saguinus bicolor","EN","CR","G","2019"
"Saguinus geoffroyi","LC","NT","G","2019"
"Saguinus martinsi","LC","NT","G","2019"
"Sapajus libidinosus","LC","NT","G","2019"
"Alophoixus bres","LC","NT","G","2019"
"Amazona aestiva","LC","NT","G","2019"
"Amazona imperialis","EN","CR","G","2019"
"Chloropsis cochinchinensis","NT","EN","G","2019"
"Chloropsis media","VU","EN","G","2019"
"Cichlocolaptes mazarbarnetti","CR","EX","G","2019"
"Cotinga maculata","EN","CR","G","2019"
"Cyanopsitta spixii","CR","EW","G","2019"
"Gymnobucco vernayi","LC","VU","G","2019"
"Haemorhous cassinii","NT","LC","G","2019"
"Hydrornis gurneyi","EN","CR","G","2019"
"Hypotaenidia owstoni","EW","CR","G","2019"
"Laterallus jamaicensis","NT","EN","G","2019"
"Megapodius pritchardii","EN","VU","G","2019"
"Melamprosops phaeosoma","CR","EX","G","2019"
"Philydor novaesi","CR","EX","G","2019"
"Psittacula eques","EN","VU","G","2019"
"Pterodroma ultima","NT","LC","G","2019"
"Setophaga cerulea","VU","NT","G","2019"
"Turdus lherminieri","VU","NT","G","2019"
"Vireo atricapilla","VU","NT","G","2019"
"Batagur dhongoka","EN","CR","G","2019"
"Cyclura cornuta","VU","EN","G","2019"
"Geoclemys hamiltonii","VU","EN","G","2019"
"Liolaemus vallecurensis","LC","NT","G","2019"
"Malaclemys terrapin","LR/nt","VU","G","2019"
"Malacochersus tornieri","VU","CR","G","2019"
"Rhampholeon gorongosae","LC","EN","G","2019"
"Sauromalus hispidus","NT","EN","G","2019"
"Anomaloglossus degranvillei","LC","CR","G","2019"
"Arthroleptis krokosua","NT","CR","G","2019"
"Atelognathus patagonicus","EN","CR","G","2019"
"Atelopus limosus","EN","CR","G","2019"
"Bolitoglossa hypacra","LC","EN","G","2019"
"Dendrotriton sanctibarbarus","VU","CR","G","2019"
"Phrynobatrachus steindachneri","VU","CR","G","2019"
"Rhinella achalensis","NT","EN","G","2019"
"Telmatobius hauthali","VU","EN","G","2019"
"Werneria mertensiana","EN","CR","G","2019"
"Wolterstorffina parvipalmata","VU","CR","G","2019"
"Bidyanus bidyanus","VU","NT","G","2019"
"Bryconops imitator","LC","NT","G","2019"
"Characodon audax","VU","EN","G","2019"
"Characodon lateralis","EN","CR","G","2019"
"Chlamydogobius gloveri","VU","CR","G","2019"
"Craterocephalus dalhousiensis","VU","CR","G","2019"
"Craterocephalus fluviatilis","EN","CR","G","2019"
"Cyprinodon veronicae","CR","EW","G","2019"
"Galaxias pedderensis","CR","EN","G","2019"
"Galaxias rostratus","VU","CR","G","2019"
"Galaxias tanycephalus","VU","CR","G","2019"
"Galaxiella munda","LR/nt","EN","G","2019"
"Galaxiella nigrostriata","LR/nt","EN","G","2019"
"Girardinichthys multiradiatus","VU","EN","G","2019"
"Gymnocharacinus bergii","EN","CR","G","2019"
"Hypseleotris aurea","LR/lc","EN","G","2019"
"Hypseleotris ejuncida","LR/nt","CR","G","2019"
"Hypseleotris kimberleyensis","LR/nt","EN","G","2019"
"Kimberleyeleotris hutchinsi","LR/nt","VU","G","2019"
"Kimberleyeleotris notata","LR/nt","CR","G","2019"
"Leiopotherapon aheneus","LR/nt","EN","G","2019"
"Lepidogalaxias salamandroides","LR/nt","EN","G","2019"
"Maccullochella macquariensis","EN","VU","G","2019"
"Megupsilon aporus","EW","EX","G","2019"
"Melanotaenia pygmaea","LR/nt","VU","G","2019"
"Nannatherina balstoni","DD","EN","G","2019"
"Nannoperca obscura","VU","EN","G","2019"
"Nannoperca variegata","VU","EN","G","2019"
"Nothobranchius albimarginatus","VU","EN","G","2019"
"Nothobranchius guentheri","LC","EN","G","2019"
"Oreochromis mossambicus","NT","VU","G","2019"
"Parakysis longirostris","LC","NT","G","2019"
"Paratherina labiosa","VU","CR","G","2019"
"Probarbus jullieni","EN","CR","G","2019"
"Prototroctes maraena","NT","VU","G","2019"
"Xiphophorus couchianus","CR","EW","G","2019"
"Xiphophorus meyeri","EN","EW","G","2019"
"Pseudoginglymostoma brevicaudatum","VU","CR","G","2019"
"Hesperia dacotae","VU","EN","G","2019"
"Anisophyllea globosa","VU","CR","G","2019"
"Anisophyllea impressinervia","VU","CR","G","2019"
"Asteropeia densiflora","NT","VU","G","2019"
"Beilschmiedia lumutensis","LR/lc","VU","G","2019"
"Beilschmiedia membranacea","VU","EN","G","2019"
"Bulbophyllum multiflorum","LC","VU","G","2019"
"Commiphora mafaidoha","LR/nt","EN","G","2019"
"Dalbergia davidii","EN","CR","G","2019"
"Dalbergia emirnensis","LR/nt","VU","G","2019"
"Dalbergia glomerata","VU","CR","G","2019"
"Dalbergia greveana","LR/nt","VU","G","2019"
"Dalbergia mollis","LR/nt","VU","G","2019"
"Dalbergia peltieri","LC","VU","G","2019"
"Dalbergia pervillei","LR/nt","VU","G","2019"
"Eucalyptus morrisbyi","EN","CR","G","2019"
"Euphorbia bongolavensis","VU","EN","G","2019"
"Fleurydora felicis","VU","EN","G","2019"
"Isolona linearis","VU","EN","G","2019"
"Jatropha chamelensis","VU","EN","G","2019"
"Kokoona sabahana","VU","CR","G","2019"
"Millettia sacleuxii","VU","EN","G","2019"
"Neoharmsia madagascariensis","VU","EN","G","2019"
"Neolitsea kedahensis","LR/cd","EN","G","2019"
"Ormocarpopsis mandrarensis","VU","EN","G","2019"
"Prunus mirabilis","VU","EN","G","2019"
"Sarawakodendron filamentosum","VU","EN","G","2019"
"Allocebus trichotis","VU","EN","G","2020"
"Alouatta caraya","LC","NT","G","2020"
"Alouatta guariba","LC","VU","G","2020"
"Alouatta puruensis","LC","VU","G","2020"
"Bison bonasus","VU","NT","G","2020"
"Callithrix flaviceps","EN","CR","G","2020"
"Capra aegagrus","VU","NT","G","2020"
"Capra sibirica","LC","NT","G","2020"
"Capra walie","EN","VU","G","2020"
"Cebuella niveiventris","LC","VU","G","2020"
"Cercocebus atys","NT","VU","G","2020"
"Cercocebus galeritus","EN","CR","G","2020"
"Cercopithecus campbelli","LC","NT","G","2020"
"Cercopithecus erythrogaster","VU","EN","G","2020"
"Cercopithecus mona","LC","NT","G","2020"
"Cercopithecus petaurista","LC","NT","G","2020"
"Colobus angolensis","LC","VU","G","2020"
"Colobus polykomos","VU","EN","G","2020"
"Cricetus cricetus","LC","CR","G","2020"
"Eubalaena glacialis","EN","CR","G","2020"
"Eulemur fulvus","NT","VU","G","2020"
"Eulemur macaco","VU","EN","G","2020"
"Eulemur rufifrons","NT","VU","G","2020"
"Euoticus pallidus","LC","NT","G","2020"
"Hipposideros curtus","VU","EN","G","2020"
"Leontocebus illigeri","LC","NT","G","2020"
"Lepilemur grewcockorum","EN","CR","G","2020"
"Lepilemur mittermeieri","EN","CR","G","2020"
"Lepilemur petteri","VU","EN","G","2020"
"Lepilemur ruficaudatus","VU","CR","G","2020"
"Loris lydekkerianus","LC","NT","G","2020"
"Lycalopex vetulus","LC","NT","G","2020"
"Macaca radiata","LC","VU","G","2020"
"Mico melanurus","LC","NT","G","2020"
"Microcebus berthae","EN","CR","G","2020"
"Nycticebus bengalensis","VU","EN","G","2020"
"Nycticebus pygmaeus","VU","EN","G","2020"
"Paragalago orinus","NT","VU","G","2020"
"Perodicticus potto","LC","NT","G","2020"
"Plecturocebus brunneus","LC","VU","G","2020"
"Propithecus coquereli","EN","CR","G","2020"
"Propithecus coronatus","EN","CR","G","2020"
"Propithecus deckenii","EN","CR","G","2020"
"Propithecus verreauxi","EN","CR","G","2020"
"Pteropus aldabrensis","VU","EN","G","2020"
"Sciurocheirus alleni","LC","NT","G","2020"
"Spermophilus citellus","VU","EN","G","2020"
"Alectoris rufa","LC","NT","G","2020"
"Alophoixus bres","NT","EN","G","2020"
"Alophoixus tephrogenys","LC","VU","G","2020"
"Amazona agilis","VU","EN","G","2020"
"Anas nesiotis","EN","VU","G","2020"
"Apalis lynesi","NT","EN","G","2020"
"Chersophilus duponti","NT","VU","G","2020"
"Eupsittula canicularis","LC","VU","G","2020"
"Geokichla interpres","NT","EN","G","2020"
"Grus nigricollis","VU","NT","G","2020"
"Hylocichla mustelina","NT","LC","G","2020"
"Larus audouinii","LC","VU","G","2020"
"Milvus milvus","NT","LC","G","2020"
"Ocyceros griseus","LC","VU","G","2020"
"Ognorhynchus icterotis","EN","VU","G","2020"
"Podiceps taczanowskii","CR","EN","G","2020"
"Polemaetus bellicosus","VU","EN","G","2020"
"Rhyticeros narcondami","EN","VU","G","2020"
"Rynchops albicollis","VU","EN","G","2020"
"Sagittarius serpentarius","VU","EN","G","2020"
"Setophaga flavescens","NT","EN","G","2020"
"Sterna aurantia","NT","VU","G","2020"
"Terathopius ecaudatus","NT","EN","G","2020"
"Terpsiphone corvina","CR","VU","G","2020"
"Trichoglossus forsteni","VU","EN","G","2020"
"Zenaida galapagoensis","LC","NT","G","2020"
"Anolis muralla","VU","CR","G","2020"
"Cuora amboinensis","VU","EN","G","2020"
"Cyclura carinata","CR","EN","G","2020"
"Lygophis elegantissimus","LC","VU","G","2020"
"Melanochelys tricarinata","VU","EN","G","2020"
"Orlitia borneensis","EN","CR","G","2020"
"Agalychnis annae","EN","VU","G","2020"
"Allobates mcdiarmidi","NT","CR(PE)","G","2020"
"Ameerega boehmei","LC","EN","G","2020"
"Ameerega boliviana","LC","NT","G","2020"
"Atelopus chiriquiensis","CR(PE)","EX","G","2020"
"Atelopus senex","CR","EX","G","2020"
"Atelopus tricolor","VU","CR","G","2020"
"Atlantihyla panchoi","EN","CR","G","2020"
"Batrachuperus yenyuanensis","VU","EN","G","2020"
"Bolitoglossa insularis","VU","CR","G","2020"
"Bolitoglossa pesrubra","VU","LC","G","2020"
"Bolitoglossa robusta","LC","VU","G","2020"
"Cophixalus sphagnicola","LC","EN","G","2020"
"Craugastor aphanus","VU","EN","G","2020"
"Craugastor greggi","CR","EN","G","2020"
"Craugastor inachus","EN","CR","G","2020"
"Craugastor matudai","VU","EN","G","2020"
"Craugastor punctariolus","EN","CR(PE)","G","2020"
"Craugastor taurus","CR","EN","G","2020"
"Duellmanohyla uranochroa","EN","VU","G","2020"
"Duttaphrynus noellerti","EN","CR","G","2020"
"Hyloscirtus armatus","LC","NT","G","2020"
"Hyloscirtus colymba","NT","EN","G","2020"
"Incilius chompipe","VU","EN","G","2020"
"Isthmohyla rivularis","CR","EN","G","2020"
"Lithobates miadis","VU","CR","G","2020"
"Nanorana unculuanus","EN","VU","G","2020"
"Nototriton picadoi","NT","LC","G","2020"
"Nototriton richardi","NT","LC","G","2020"
"Nototriton saslaya","VU","CR","G","2020"
"Nymphargus bejaranoi","LC","EN","G","2020"
"Oedipina uniformis","NT","LC","G","2020"
"Parvimolge townsendi","CR","VU","G","2020"
"Petropedetes perreti","EN","CR","G","2020"
"Plectrohyla pokomchi","CR","EN","G","2020"
"Pleurodema marmoratum","LC","VU","G","2020"
"Pseudoeurycea rex","CR","VU","G","2020"
"Quasipaa shini","VU","EN","G","2020"
"Rana iberica","NT","VU","G","2020"
"Sarcohyla celata","CR(PE)","NT","G","2020"
"Sarcohyla chryses","CR","EN","G","2020"
"Silverstoneia nubicola","NT","VU","G","2020"
"Strabomantis bufoniformis","LC","EN","G","2020"
"Telmatobius bolivianus","NT","CR(PE)","G","2020"
"Telmatobius simonsi","NT","CR","G","2020"
"Telmatobius verrucosus","VU","CR","G","2020"
"Thorius adelos","EN","NT","G","2020"
"Triprion spinosus","LC","NT","G","2020"
"Tylototriton shanjing","NT","VU","G","2020"
"Yunganastes fraudator","LC","VU","G","2020"
"Yunganastes pluvicanorus","LC","VU","G","2020"
"Arnoldichthys spilopterus","VU","EN","G","2020"
"Barbodes lindog","VU","CR(PE)","G","2020"
"Barbodes sirang","VU","CR(PE)","G","2020"
"Brycinus carolinae","VU","EN","G","2020"
"Bryconaethiops quinquesquamae","LC","EN","G","2020"
"Chilatherina axelrodi","LR/lc","EN","G","2020"
"Craterocephalus lacustris","VU","EN","G","2020"
"Glossolepis incisus","VU","EN","G","2020"
"Glossolepis maculosus","LR/lc","EN","G","2020"
"Hephaestus adamsoni","VU","CR","G","2020"
"Melanotaenia arfakensis","VU","EN","G","2020"
"Melanotaenia lacustris","VU","EN","G","2020"
"Melanotaenia maylandi","LR/lc","VU","G","2020"
"Melanotaenia oktediensis","VU","CR","G","2020"
"Melanotaenia parva","VU","CR(PE)","G","2020"
"Micralestes eburneensis","NT","EN","G","2020"
"Mogurnda spilota","VU","CR","G","2020"
"Mogurnda vitta","VU","CR","G","2020"
"Oloplotosus torobo","VU","EN","G","2020"
"Pseudomugil connieae","VU","EN","G","2020"
"Sundoreonectes sabanus","VU","EN","G","2020"
"Tetraodon pustulatus","VU","EN","G","2020"
"Beringraja pulchra","VU","EN","G","2020"
"Dipturus laevis","EN","LC","G","2020"
"Malacoraja senta","EN","VU","G","2020"
"Squalus hemipinnis","NT","VU","G","2020"
"Aloeides rossouwi","VU","CR","G","2020"
"Capys penningtoni","VU","CR","G","2020"
"Orachrysops niobe","EN","CR","G","2020"
"Thestor strutti","VU","CR","G","2020"
"Caledopteryx maculata","LC","NT","G","2020"
"Caledopteryx sarasini","LC","NT","G","2020"
"Megalagrion oceanicum","VU","CR","G","2020"
"Coenagrion intermedium","VU","EN","G","2020"
"Afropomus balanoidea","NT","EN","G","2020"
"Amphidromus cognatus","LR/nt","EN","G","2020"
"Mutela franci","VU","EN","G","2020"
"Potadoma bicarinata","LC","CR","G","2020"
"Potadoma freethi","LC","NT","G","2020"
"Pseudocleopatra togoensis","LC","CR","G","2020"
"Sierraia expansilabrum","VU","EN","G","2020"
"Anthodiscus chocoensis","VU","EN","G","2020"
"Argyroxiphium sandwicense","VU","EN","G","2020"
"Cheirodendron forbesii","VU","EN","G","2020"
"Disperis kamerunensis","EN","CR","G","2020"
"Euphorbia sparsiflora","VU","CR","G","2020"
"Mentha gattefossei","NT","VU","G","2020"
"Myrsine fernseei","LR/nt","EN","G","2020"
"Myrsine knudsenii","EN","CR","G","2020"
"Pavetta tarennoides","VU","CR","G","2020"
"Protea comptonii","LR/nt","VU","G","2020"
"Protea laetans","VU","EN","G","2020"
"Psychotria grandiflora","EN","CR","G","2020"
"Ranunculus schweinfurthii","VU","EN","G","2020"
"Tapirira chimalapana","VU","CR","G","2020"
"Warburgia elongata","EN","CR","G","2020"
"Cyclosorus wailele","EN","CR","G","2020"
"Alouatta sara","LC","NT","G","2021"
"Chalinolobus tuberculatus","VU","CR","G","2021"
"Galemys pyrenaicus","VU","EN","G","2021"
"Meriones dahli","EN","CR","G","2021"
"Phoniscus papuensis","LC","VU","G","2021"
"Plecturocebus olallae","EN","CR","G","2021"
"Acridotheres melanopterus","CR","EN","G","2021"
"Amazona auropalliata","EN","CR","G","2021"
"Anthus antarcticus","NT","LC","G","2021"
"Anthus pratensis","NT","LC","G","2021"
"Branta sandvicensis","VU","NT","G","2021"
"Brotogeris pyrrhoptera","EN","VU","G","2021"
"Campylorhamphus multostriatus","LC","NT","G","2021"
"Chelictinia riocourii","LC","VU","G","2021"
"Colaptes fernandinae","VU","EN","G","2021"
"Ducula brenchleyi","VU","NT","G","2021"
"Eleothreptus anomalus","NT","VU","G","2021"
"Falco vespertinus","NT","VU","G","2021"
"Grus japonensis","EN","VU","G","2021"
"Hapalopsittaca fuertesi","CR","EN","G","2021"
"Larus armenicus","NT","LC","G","2021"
"Loriculus tener","NT","LC","G","2021"
"Macrocephalon maleo","EN","CR","G","2021"
"Mitu tuberosum","LC","NT","G","2021"
"Nesospiza wilkinsi","EN","CR","G","2021"
"Nisaetus nipalensis","LC","NT","G","2021"
"Oxyura maccoa","VU","EN","G","2021"
"Penelope superciliaris","LC","NT","G","2021"
"Pipile cujubi","LC","VU","G","2021"
"Ploceus megarhynchus","VU","EN","G","2021"
"Ramphastos sulfuratus","LC","NT","G","2021"
"Rollulus rouloul","NT","VU","G","2021"
"Sypheotides indicus","EN","CR","G","2021"
"Ailuronyx trachygaster","VU","CR","G","2021"
"Centrochelys sulcata","VU","EN","G","2021"
"Chilabothrus monensis","EN","NT","G","2021"
"Cnemaspis yercaudensis","LC","EN","G","2021"
"Hardella thurjii","VU","EN","G","2021"
"Hemidactylus sataraensis","VU","CR","G","2021"
"Heosemys grandis","VU","CR","G","2021"
"Indotestudo forstenii","EN","CR","G","2021"
"Kinixys homeana","VU","CR","G","2021"
"Lipinia infralineolata","LC","VU","G","2021"
"Lyriocephalus scutatus","NT","VU","G","2021"
"Manouria impressa","VU","EN","G","2021"
"Mauremys mutica","EN","CR","G","2021"
"Mauremys sinensis","EN","CR","G","2021"
"Morenia ocellata","VU","EN","G","2021"
"Morenia petersi","VU","EN","G","2021"
"Nilssonia gangetica","VU","EN","G","2021"
"Nilssonia hurum","VU","EN","G","2021"
"Nilssonia leithii","VU","CR","G","2021"
"Palea steindachneri","EN","CR","G","2021"
"Pamelaescincus gardineri","LC","NT","G","2021"
"Pangshura sylhetensis","EN","CR","G","2021"
"Paniegekko madjo","NT","EN","G","2021"
"Platysternon megacephalum","EN","CR","G","2021"
"Sacalia quadriocellata","EN","CR","G","2021"
"Siebenrockiella crassicollis","VU","EN","G","2021"
"Sphenomorphus tropidonotus","LC","EN","G","2021"
"Tropidophorus laotus","LC","EN","G","2021"
"Varanus flavescens","LR/lc","EN","G","2021"
"Varanus komodoensis","VU","EN","G","2021"
"Allobates algorei","LC","NT","G","2021"
"Allobates chalcopis","VU","CR","G","2021"
"Alytes maurus","NT","EN","G","2021"
"Cynops pyrrhogaster","LC","NT","G","2021"
"Dendropsophus pelidna","LC","NT","G","2021"
"Eleutherodactylus gryllus","EN","CR","G","2021"
"Hynobius tsuensis","LC","NT","G","2021"
"Hyperolius cystocandicans","NT","EN","G","2021"
"Peltophryne lemur","CR","EN","G","2021"
"Pristimantis briceni","VU","EN","G","2021"
"Pristimantis kareliae","NT","CR","G","2021"
"Rana tsushimensis","LC","NT","G","2021"
"Scinax manriquei","LC","NT","G","2021"
"Zhangixalus yaoshanensis","EN","NT","G","2021"
"Cynoscion acoupa","LC","VU","G","2021"
"Thunnus alalunga","NT","LC","G","2021"
"Thunnus albacares","NT","LC","G","2021"
"Thunnus maccoyii","CR","EN","G","2021"
"Thunnus thynnus","EN","LC","G","2021"
"Carcharhinus acronotus","NT","EN","G","2021"
"Carcharhinus perezi","NT","EN","G","2021"
"Carcharhinus signatus","VU","EN","G","2021"
"Hemitriakis japanica","LC","EN","G","2021"
"Mustelus asterias","LC","NT","G","2021"
"Rhinobatos albomaculatus","VU","CR","G","2021"
"Rhinobatos irvinei","VU","CR","G","2021"
"Rhinobatos rhinobatos","EN","CR","G","2021"
"Rhinoptera marginata","NT","CR","G","2021"
"Brachystegia angustistipulata","LR/lc","VU","G","2021"
"Cleistanthus evrardii","VU","CR(PE)","G","2021"
"Cupaniopsis napaensis","VU","CR(PE)","G","2021"
"Dracaena draco","VU","EN","G","2021"
"Elattostachys aiyurensis","VU","CR","G","2021"
"Eucryphia glutinosa","LR/nt","EN","G","2021"
"Horsfieldia ampla","VU","EN","G","2021"
"Ilex huachamacariana","LR/nt","VU","G","2021"
"Ilex ignicola","LR/nt","EN","G","2021"
"Ilex lasseri","VU","CR","G","2021"
"Ilex magnifructa","LR/nt","EN","G","2021"
"Ilex marahuacae","LR/nt","VU","G","2021"
"Ilex parvifructa","VU","EN","G","2021"
"Ilex paujiensis","LR/nt","EN","G","2021"
"Ilex sipapoana","LR/nt","EN","G","2021"
"Ilex steyermarkii","LR/nt","EN","G","2021"
"Latania verschaffeltii","EN","CR","G","2021"
"Mangifera caesia","LR/lc","NT","G","2021"
"Myristica simulans","VU","CR","G","2021"
"Nectandra ruforamula","LR/nt","EN","G","2021"
"Pittosporum napaliense","EN","CR","G","2021"
"Pradosia spinosa","NT","VU","G","2021"
"Xyris boliviana","VU","CR","G","2021"
"Hypogeomys antimena","EN","CR","G","2022"
"Sapajus cay","LC","VU","G","2022"
"Acanthiza katherina","LC","VU","G","2022"
"Acrocephalus sorghophilus","EN","CR","G","2022"
"Amytornis ballarae","LC","VU","G","2022"
"Amytornis woodwardi","VU","EN","G","2022"
"Apalis chirindensis","LC","VU","G","2022"
"Apalis sharpii","LC","NT","G","2022"
"Aphelocephala leucopsis","LC","VU","G","2022"
"Bolemoreus hindwoodi","LC","NT","G","2022"
"Bubo sumatranus","LC","NT","G","2022"
"Calidris acuminata","LC","VU","G","2022"
"Callocephalon fimbriatum","LC","VU","G","2022"
"Calyptorhynchus lathami","LC","VU","G","2022"
"Caprimulgus ruficollis","LC","NT","G","2022"
"Carpococcyx radiceus","NT","VU","G","2022"
"Colluricincla boweri","LC","VU","G","2022"
"Coua pyropyga","LC","NT","G","2022"
"Crypturellus boucardi","LC","VU","G","2022"
"Cyornis magnirostris","LC","NT","G","2022"
"Gallinago hardwickii","LC","NT","G","2022"
"Geophaps smithii","VU","LC","G","2022"
"Halcyon pileata","LC","VU","G","2022"
"Heliopais personatus","EN","CR","G","2022"
"Hemiphaga novaeseelandiae","NT","LC","G","2022"
"Heteromyias cinereifrons","LC","NT","G","2022"
"Lanio leucothorax","LC","NT","G","2022"
"Lanius senator","LC","NT","G","2022"
"Lophorina victoriae","LC","VU","G","2022"
"Lophura erythrophthalma","VU","CR","G","2022"
"Lophura pyronota","VU","EN","G","2022"
"Melanodryas vittata","LC","VU","G","2022"
"Melithreptus validirostris","LC","VU","G","2022"
"Menura alberti","NT","LC","G","2022"
"Neophema chrysostoma","LC","VU","G","2022"
"Nesospingus speculiferus","LC","VU","G","2022"
"Odontophorus melanotis","LC","NT","G","2022"
"Oreoscopus gutturalis","LC","EN","G","2022"
"Patagioenas oenops","VU","NT","G","2022"
"Petroica phoenicea","NT","LC","G","2022"
"Petroica traversi","EN","VU","G","2022"
"Pityriasis gymnocephala","NT","VU","G","2022"
"Polyplectron malacense","VU","EN","G","2022"
"Prionodura newtoniana","LC","NT","G","2022"
"Pycnoptilus floccosus","LC","VU","G","2022"
"Rhynchortyx cinctus","LC","NT","G","2022"
"Scenopoeetes dentirostris","LC","NT","G","2022"
"Scytalopus sanctaemartae","LC","NT","G","2022"
"Sericornis keri","LC","VU","G","2022"
"Stagonopleura guttata","LC","VU","G","2022"
"Xenopirostris xenopirostris","LC","NT","G","2022"
"Zanda baudinii","EN","CR","G","2022"
"Acontias grayi","LC","NT","G","2022"
"Bradypodion nemorale","NT","VU","G","2022"
"Bradypodion ngomeense","NT","VU","G","2022"
"Bradypodion setaroi","LC","NT","G","2022"
"Cordylus macropholis","LC","NT","G","2022"
"Homopholis mulleri","LC","NT","G","2022"
"Scelotes gronovii","LC","NT","G","2022"
"Scelotes kasneri","NT","EN","G","2022"
"Typhlosaurus lomiae","LC","NT","G","2022"
"Alytes dickhilleni","VU","EN","G","2022"
"Bolitoglossa chica","VU","CR","G","2022"
"Eleutherodactylus inoptatus","LC","NT","G","2022"
"Nymphargus siren","VU","EN","G","2022"
"Salamandra lanzai","VU","CR","G","2022"
"Salamandrina perspicillata","LC","EN","G","2022"
"Speleomantes ambrosii","NT","CR","G","2022"
"Speleomantes italicus","NT","EN","G","2022"
"Speleomantes sarrabusensis","VU","CR","G","2022"
"Speleomantes strinatii","NT","EN","G","2022"
"Carasobarbus harterti","VU","CR","G","2022"
"Haplochromis desfontainii","EN","CR","G","2022"
"Kajikia albida","VU","LC","G","2022"
"Kajikia audax","NT","LC","G","2022"
"Leptopanchax opalescens","VU","CR","G","2022"
"Luciobarbus antinorii","DD","EX","G","2022"
"Ophthalmolebias constanciae","VU","CR","G","2022"
"Psephurus gladius","CR","EX","G","2022"
"Salaria atlantica","VU","EN","G","2022"
"Xiphias gladius","LC","NT","G","2022"
"Alfaroa mexicana","VU","EN","G","2022"
"Aloidendron ramosissimum","VU","EN","G","2022"
"Conophytum halenbergense","VU","CR","G","2022"
"Elaeoluma crispa","LR/nt","VU","G","2022"
"Erythrina tuxtlana","VU","EN","G","2022"
"Inga calcicola","VU","EN","G","2022"
"Inga chiapensis","VU","EN","G","2022"
"Inga lacustris","EN","CR","G","2022"
"Licaria velutina","VU","EN","G","2022"
"Ocotea uxpanapana","VU","EN","G","2022"
"Rinorea uxpanapana","VU","EN","G","2022"
"Encephalartos concinnus","EN","CR","G","2022"
"Encephalartos heenanii","CR","EW","G","2022"
"Encephalartos lanatus","NT","VU","G","2022"
"Encephalartos lehmannii","NT","VU","G","2022"
"Encephalartos natalensis","NT","VU","G","2022"
"Encephalartos transvenosus","LC","NT","G","2022"
"Zamia pumila","NT","VU","G","2022"
