"Species","ConservationStart","NumProjects","SumTotalBudgetWeighted","SumEUContributionWeighted"
"Lynx pardinus",1994,30,100597530,54684715
"Ursus arctos",1992,88,75897130,51784642
"Crex crex",1992,68,69238505,37844789
"Botaurus stellaris",1994,85,64425070,36796427
"Margaritifera margaritifera",1992,32,57180996,31789538
"Canis lupus",1992,47,50771819,32968684
"Salmo salar",1997,33,45621242,23505494
"Leucorrhinia pectoralis",1997,30,42452355,23813730
"Triturus cristatus",1995,48,41351482,21242513
"Limosa limosa",2009,12,37848842,17894620
"Otis tarda",1992,22,33258179,20481539
"Dendrocopos leucotos",1995,11,33163339,12223091
"Cottus gobio",1999,55,31547839,15996530
"Lycaena helle",2003,17,31382762,18820309
"Lutra lutra",1992,43,28668944,15345095
"Alosa fallax",1999,8,28297250,8926352
"Tetrao urogallus",1992,23,28167857,14170178
"Caretta caretta",1992,23,27736839,17774009
"Osmoderma eremita",1995,26,27644138,15161313
"Gypaetus barbatus",1993,30,25888049,16693513
"Hieraaetus fasciatus",1997,29,24384900,16862844
"Hucho hucho",1999,15,24034809,10187690
"Neophron percnopterus",1996,27,23821803,15432443
"Euphydryas aurinia",2001,26,23604379,13080952
"Sterna hirundo",1992,45,22759873,11726398
"Aegypius monachus",1993,25,22032343,13083705
"Caprimulgus europaeus",1993,32,22011214,10897098
"Sterna albifrons",1992,34,21309985,10939720
"Falco naumanni",1994,34,21229881,14312101
"Lanius collurio",1999,44,21097737,10901119
"Aquila pomarina",1999,22,19395746,13739851
"Unio crassus",2002,18,19336300,8087868
"Cobitis taenia",1999,32,19077293,9128258
"Bombina bombina",1999,24,18668185,10340079
"Acrocephalus paludicola",1992,15,18543861,13068985
"Lampetra planeri",1992,29,17996522,9188391
"Alcedo atthis",1995,48,17584584,8715438
"Aquila heliaca",1994,13,17561835,11095100
"Bufo calamita",1995,23,17559992,9560700
"Mustela lutreola",2001,14,17555351,11418005
"Recurvirostra avosetta",1994,30,17507037,9696041
"Myotis emarginatus",1996,24,16870478,9959603
"Lullula arborea",1993,34,15943308,8252986
"Emys orbicularis",1994,38,15641208,8582522
"Circus aeruginosus",1994,47,15319545,7972703
"Bombina variegata",1996,40,15251656,8171028
"Coregonus oxyrhynchus",2005,4,14965462,8820541
"Philomachus pugnax",2003,27,13857597,7548297
"Ciconia nigra",1996,33,13667844,8199269
"Porzana porzana",2003,33,13614856,7268143
"Phocoena phocoena",1996,7,13367806,6667663
"Monachus monachus",1992,13,13159429,9180264
"Luronium natans",1995,17,13077070,6300574
"Luscinia svecica",1998,25,12960501,6805863
"Vertigo angustior",1999,12,12889184,6814996
"Austropotamobius pallipes",1994,22,12808851,6387074
"Larus audouinii",1994,21,12595896,7630958
"Tursiops truncatus",1997,15,12497617,6688270
"Tetrax tetrax",1993,21,12266837,7391411
"Lucanus cervus",1997,26,12224858,6448463
"Alytes obstetricans",2004,11,12132482,6003603
"Falco cherrug",2006,11,12106373,8983747
"Circus cyaneus",2001,20,12073929,6433308
"Ciconia ciconia",1992,26,11738027,6234711
"Rhinolophus hipposideros",1996,30,11624448,6955065
"Lynx lynx",1998,13,11472350,6495991
"Numenius arquata",2009,11,11326769,6418095
"Misgurnus fossilis",2006,22,11138060,5191290
"Pteromys volans",1995,5,11020084,7731707
"Coenagrion mercuriale",1996,13,10845206,5621840
"Aythya nyroca",1995,31,10802308,7111509
"Cypripedium calceolus",1997,20,10772979,5534807
"Anser erythropus",1994,10,10763046,7885839
"Grus grus",1993,24,10287885,5926305
"Rhinolophus ferrumequinum",1996,27,10245617,6079467
"Actitis hypoleucos",2009,7,10243752,3133176
"Myotis myotis",1996,30,10232302,6191056
"Aspius aspius",2005,13,10199873,2941349
"Tringa glareola",1993,24,10109131,5653096
"Oxyura leucocephala",1994,9,10089893,6013810
"Castor fiber",1992,19,9948050,4927273
"Liparis loeselii",1995,21,9490216,4950234
"Gyps fulvus",1993,15,9425906,5602195
"Haliaeetus albicilla",1995,25,9300480,5161033
"Lycaena dispar",1999,18,9248906,4587027
"Microtus oeconomus mehelyi",2010,2,9212139,6909101
"Valencia hispanica",1992,6,9189650,6115672
"Charadrius dubius",2009,5,9014843,2518721
"Rhodeus sericeus amarus",2002,19,8923121,3879157
"Alosa alosa",1999,10,8887084,4766445
"Galemys pyrenaicus",1994,9,8866197,4653416
"Burhinus oedicnemus",1993,18,8647540,4430043
"Petromyzon marinus",1992,13,8448613,4810745
"Coracias garrulus",2001,11,8421938,5970111
"Ixobrychus minutus",1995,31,8389432,3858149
"Spermophilus citellus",2006,6,8339733,5339808
"Lampetra fluviatilis",1992,16,8219485,4346716
"Puffinus puffinus mauretanicus",1995,6,8209717,4288137
"Rosalia alpina",1997,16,8194782,4693204
"Vertigo moulinsiana",1999,13,8168304,4441369
"Falco vespertinus",2006,9,8125608,5329103
"Tringa totanus",2009,12,8046776,4482388
"Tetrao tetrix",2013,5,7940874,4696635
"Pyrrhula murina",1994,6,7649759,5218396
"Triturus carnifex",1997,24,7576618,3951252
"Milvus milvus",1996,18,7566996,4411264
"Puffinus yelkouan",1998,13,7479722,4193737
"Calonectris diomedea",1994,21,7426681,4071220
"Clanga pomarina",2019,2,7326429,4664361
"Himantopus himantopus",1995,20,7264471,4268185
"Phoca hispida saimensis",1995,2,7239812,4935309
"Branta ruficollis",1994,8,7191920,5322375
"Pluvialis apricaria",1993,14,7102372,3889503
"Zingel streber",2004,6,7013039,1652067
"Marmaronetta angustirostris",1994,3,7010778,5097785
"Milvus migrans",1995,22,7007710,3885645
"Maculinea arion",2004,7,6961398,3863221
"Rupicapra pyrenaica ornata",1992,11,6904276,4434817
"Egretta garzetta",1994,27,6809553,3937230
"Gallinago media",2004,9,6732378,3917091
"Ardea purpurea",1994,29,6594762,3223423
"Dryocopus martius",1999,25,6520193,3514668
"Myotis bechsteinii",1996,27,6246070,3273327
"Phrynocephalus helioscopus",2018,2,6153520,3397196
"Acipenser ruthenus",2015,2,6127846,1390096
"Barbastella barbastellus",1996,26,6113889,3334982
"Picus canus",1999,21,6106669,3208676
"Testudo hermanni",1999,11,6101337,3441461
"Maculinea nausithous",2005,10,6011242,3210400
"Phalacrocorax pygmeus",1994,19,6008768,4160624
"Anthus campestris",1996,17,5982610,3158661
"Rangifer tarandus fennicus",1998,2,5976161,3459909
"Nycticorax nycticorax",1995,21,5965190,3258152
"Eudontomyzon mariae",2011,3,5937695,1241352
"Myotis dasycneme",1996,15,5888351,2787591
"Cerambyx cerdo",1999,11,5885499,3275856
"Phalacrocorax aristotelis desmarestii",1998,13,5878552,3737470
"Circus pygargus",1997,20,5773773,3075600
"Hyla arborea",1997,16,5761413,3116107
"Rutilus frisii meidingeri",2011,2,5758136,1008212
"Sterna dougallii",1995,8,5732161,4133437
"Aphanius iberus",1996,7,5678942,2922411
"Microtus oeconomus arenicola",2004,7,5610573,2071652
"Perdix perdix italica",1996,2,5420003,3873095
"Chalcalburnus chalcoides",2013,2,5405500,938375
"Vanellus vanellus",2012,8,5352151,2928977
"Salmo trutta trutta",2021,1,5285098,3171058
"Rana latastei",1996,16,5211955,2670871
"Pernis apivorus",1997,25,5130850,2602380
"Charadrius alexandrinus",1996,11,5125537,2787776
"Calypso bulbosa",2012,1,5110246,2555123
"Oenanthe conioides",2002,1,5086538,3051923
"Graphoderus bilineatus",2013,5,5066822,2786400
"Aquila adalberti",2001,7,5044463,3260344
"Rana arvalis",2004,9,4961997,2760844
"Chersophilus duponti",2001,4,4771502,3390603
"Calidris alpina schinzii",2001,7,4751355,2197924
"Maculinea teleius",1999,10,4709131,2381529
"Sterna sandvicensis",1998,13,4593928,2424419
"Asio flammeus",2006,13,4550367,2607127
"Aquila chrysaetos",1996,19,4510916,2565013
"Sterna paradisaea",2005,9,4337336,2273289
"Aquila clanga",1999,8,4287528,3112517
"Bonasa bonasia",1992,15,4180091,2009945
"Gentianella bohemica",2012,2,4135854,3040714
"Saxifraga hirculus",2000,5,4087270,2043634
"Apium repens",1996,8,4042478,2368295
"Acipenser naccarii",2003,4,4028086,2233668
"Zingel asper",1998,2,3994769,1821970
"Egretta alba",1995,16,3965329,2347408
"Sylvia nisoria",2006,8,3963593,2229807
"Rana lessonae",2006,8,3948427,2031938
"Falco eleonorae",1998,8,3890723,2792909
"Cervus elaphus corsicanus",1993,6,3867775,2723204
"Coronella austriaca",2010,8,3787811,1890545
"Gallinago gallinago",2014,6,3740164,2196383
"Anthrenochernes stellae",2010,3,3707016,2060495
"Salmo macrostigma",2001,3,3682842,1841419
"Eudontomyzon spp.",2005,5,3598626,1489275
"Bison bonasus",2006,3,3574378,2600500
"Larus genei",1997,7,3550573,1738683
"Pusa hispida botnica",2020,1,3534704,2651028
"Pusa hispida saimensis",2020,1,3534704,2651028
"Leucorrhinia caudalis",2004,1,3500000,1750000
"Coenagrion hylas",2001,2,3478699,1813354
"Bubo bubo",1996,19,3476032,1934209
"Vertigo geyeri",2006,6,3454524,1721307
"Vipera ursinii ssp. rakosiensis",2004,3,3427609,2382759
"Astacus astacus",2021,1,3407786,1833284
"Scapania massalongii",2021,1,3407786,1833284
"Pandion haliaetus",1996,13,3365033,1759878
"Carcharhinus plumbeus",2019,1,3360445,2016267
"Rana dalmatina",1997,12,3318058,1766771
"Cygnus cygnus",2003,13,3310274,1795782
"Discoglossus galganoi",2013,2,3304986,1698560
"Euproctus asper",2014,2,3298657,1963249
"Gallotia simonyi",1994,4,3292771,1945031
"Acipenser sturio",1994,4,3264804,1631620
"Leuciscus souffia",1997,11,3222012,1513560
"Parnassius mnemosyne",2002,5,3175538,1861615
"Pulsatilla patens",2014,5,3125767,1696337
"Eriogaster catax",1999,9,3125086,1959907
"Chlidonias niger",1998,11,3114276,1395014
"Euplagia quadripunctaria",2015,5,3114221,2117412
"Hydrobates pelagicus",1998,13,3111728,1650283
"Rutilus pigus",2001,8,3066736,1496231
"Alopex lagopus",1998,2,3061948,1511935
"Patella ferruginea",2016,2,3057627,1713626
"Barbus meridionalis",2010,7,3051105,1553267
"Platalea leucorodia",1994,12,3031575,1882389
"Lanius minor",1994,8,2957345,1628713
"Columba junoniae",1993,6,2936989,1793593
"Ficedula albicollis",2006,8,2890361,1500395
"Limosa lapponica",2006,6,2887383,1513991
"Dytiscus latissimus",2006,4,2872601,1730299
"Myosotis rehsteineri",1999,3,2868945,1434472
"Pelecanus crispus",1994,10,2825184,2056640
"Narcissus pseudonarcissus subsp. nobilis",2012,2,2813474,1593923
"Circaetus gallicus",1996,17,2780533,1551442
"Sylvia undata",1993,7,2747379,1436314
"Trichomanes speciosum",1998,6,2742156,1462399
"Emberiza hortulana",1996,7,2710928,1368230
"Carduus myriacanthus",1994,2,2668386,1603148
"Carabus menetriesi pacholei",2013,2,2654779,1851606
"Salmo trutta macrostigma",2018,1,2630833,1538247
"Cucujus cinnaberinus",2002,7,2625992,1451667
"Calidris alpina",2012,2,2618255,1357378
"Bufo viridis",1997,10,2582108,1441109
"Drepanocladus vernicosus",1997,6,2580646,1352240
"Capra pyrenaica pyrenaica",1993,7,2577681,1933259
"Aphanius fasciatus",2003,3,2562601,1366967
"Chelonia mydas",2016,1,2558084,1896584
"Telestes souffia",2009,2,2556176,968050
"Ophiogomphus cecilia",2006,7,2520747,1169215
"Gelochelidon nilotica",1999,7,2519683,1406151
"Gobio albipinnatus",2004,6,2512217,1234189
"Rhodeus amarus",2015,4,2502313,1002582
"Barbus plebejus",1999,6,2486842,1257682
"Bulweria bulwerii",1995,6,2456560,1296692
"Pelobates fuscus",2004,7,2435763,1262013
"Miniopterus schreibersii",1996,16,2426246,1242030
"Delphinus delphis",2001,4,2366523,1174931
"Lacerta agilis",2010,6,2324049,1409181
"Woodwardia radicans",2012,5,2315475,1253487
"Vipera ursinii",1999,3,2308504,1154253
"Puffinus assimilis",1995,4,2303677,1221221
"Hyacinthoides vincentina",1998,3,2270582,1241628
"Pomatoschistus canestrinii",2011,4,2264561,1387377
"Aegolius funereus",1999,11,2245600,1202731
"Protochondrostoma genei",2017,1,2223788,1331160
"Dendrocopos medius",2004,9,2198241,1196751
"Pterodroma madeira",1994,4,2192102,1522771
"Margaritifera durrovensis",1992,3,2154600,1380000
"Numenius tenuirostris",1994,5,2151430,1440069
"Phoenicopterus ruber",1997,3,2146757,1068094
"Festuca duriotagana",1998,2,2072836,1093318
"Serratula lycopifolia",2009,3,2065021,1305059
"Angelica palustris",2002,4,2043480,1135530
"Alisma wahlenbergii",2009,1,2033634,1006397
"Sterna caspia",2005,4,2025893,1012946
"Salicornia veneta",2013,1,2024295,1396763
"Pterodroma feae",1994,6,2022597,1432613
"Anaecypris hispanica",1997,2,2010008,1005003
"Stipa veneta",2017,1,2005384,1203230
"Dianthus arenarius ssp. arenarius",2006,2,2003726,1001539
"Pelagodroma marina",1999,2,1988647,994323
"Knipowitschia panizzae",2011,3,1988300,1184353
"Chlamydotis undulata",1994,4,1979364,1394829
"Tetrao tetrix tetrix",1999,13,1970803,998899
"Anguilla anguilla",2017,1,1955689,956844
"Anas clypeata",2013,7,1955682,1107979
"Picoides tridactylus",1999,10,1954989,977124
"Aquila fasciata",2020,1,1930085,1446288
"Lithophaga lithophaga",2018,1,1928505,1157103
"Parnassius apollo",2018,2,1926819,1228084
"Narcissus asturiensis",2013,2,1922320,1148346
"Alytes cisternasii",2013,3,1920859,1078668
"Falco peregrinus",1996,12,1903519,912592
"Pterocles alchata",1994,7,1903000,663871
"Romanogobio vladykovi",2020,1,1887676,633800
"Rutilus virgo",2020,1,1887676,633800
"Anthus pratensis",2013,3,1873225,1094815
"Physeter macrocephalus",2014,1,1847167,923214
"Anas acuta",2015,3,1802243,1073845
"Salamandrina terdigitata",1997,5,1791763,925858
"Anas crecca",2013,4,1757168,1017991
"Myotis blythii",1997,17,1746667,912161
"Colias myrmidone",2006,3,1740988,1015275
"Rhinolophus euryale",1997,13,1734251,872852
"Branta leucopsis",2001,7,1729936,953209
"Ovis gmelini musimon",2001,2,1728306,864153
"Aster sorrentinii",2004,1,1725162,910885
"Himantoglossum adriaticum",2006,2,1704057,908319
"Larus canus",2021,1,1659032,987547
"Austropotamobius torrentium",2011,3,1651579,912835
"Dianthus diutinus",2006,1,1630785,1223088
"Accipiter nisus granti",2013,1,1629198,1221898
"Salmo marmoratus",1997,5,1609440,906702
"Zingel zingel",2004,5,1601570,710707
"Margaritifera auricularia",2001,2,1598860,799430
"Echium russicum",2004,2,1559152,848285
"Fringilla teydea",1993,5,1547635,1051147
"Thymallus thymallus",2009,2,1523431,867719
"Anas querquedula",2013,7,1523358,806739
"Nyctalus noctula",2010,5,1521028,935122
"Somateria mollissima",2018,3,1515290,863850
"Marsilea quadrifolia",1995,4,1487361,740462
"Eryngium viviparum",1994,4,1478562,748541
"Hypodryas maturna",2006,4,1463267,912043
"Falco biarmicus",2005,4,1461567,1055626
"Glareola pratincola",2001,4,1456899,866728
"Pulsatilla grandis",2004,2,1444776,1052081
"Thesium ebracteatum",2013,3,1435308,1000724
"Acrocephalus schoenobaenus",2013,3,1428994,580504
"Botrychium simplex",2001,3,1428564,714281
"Pyrrhocorax pyrrhocorax",2005,3,1411777,748090
"Mergus albellus",2003,6,1409694,738001
"Tachybaptus ruficollis",2014,2,1397008,611341
"Aythya ferina",2018,2,1394070,836442
"Porzana parva",2006,8,1373829,696124
"Triturus dobrogicus",2005,7,1367131,602099
"Merops apiaster",2013,2,1362715,681357
"Columba bollii",1993,4,1346182,998190
"Haematopus ostralegus",2014,2,1340847,716872
"Tringa erythropus",2015,2,1337756,795153
"Tringa nebularia",2015,2,1337756,795153
"Myotis capaccinii",1997,10,1335088,667627
"Sphagnum spp.",2012,3,1331665,665832
"Phryganophilus ruficollis",2011,3,1327154,749715
"Larus melanocephalus",2001,4,1297421,617431
"Spiranthes aestivalis",1998,3,1276588,695194
"Cygnus columbianus bewickii",2003,4,1275146,632951
"Acrocephalus arundinaceus",2013,3,1269317,566340
"Locustella luscinioides",2013,3,1269317,566340
"Stephanopachys substriatus",2013,3,1268980,668115
"Tringa ochropus",2020,1,1262743,757646
"Chlidonias hybridus",1994,11,1239548,625977
"Riparia riparia",2014,1,1225355,612677
"Ligularia sibirica",2003,3,1214612,691538
"Ardeola ralloides",1994,9,1198595,625913
"Abies nebrodensis",2001,1,1161535,871151
"Anser albifrons",2013,3,1157606,499352
"Anser fabalis",2013,3,1157606,499352
"Callimorpha quadripunctaria",2002,8,1144050,576360
"Pterocles orientalis",2001,2,1140937,636336
"Fringilla teydea polatzeki",2015,1,1123860,674316
"Sisymbrium supinum",1999,2,1116226,642510
"Artemisia pancicii",2006,2,1110347,820552
"Carabus olympiae",2012,1,1097480,552353
"Aradus angularis",2015,2,1084230,575740
"Boros schneideri",2015,2,1084230,575740
"Stephanopachys linearis",2015,2,1084230,575740
"Xyletinus tremulicola",2015,2,1084230,575740
"Glaucidium passerinum",1999,8,1078232,548703
"Phoenix theophrasti",1999,1,1067675,768726
"Oceanodroma castro",1995,7,1060691,631417
"Pipistrellus pipistrellus",1997,5,1051513,689431
"Alytes muletensis",1994,2,1047075,523537
"Himantoglossum caprinum",2018,1,1037647,776932
"Onosma tornensis",2018,1,1037647,776932
"Plegadis falcinellus",2001,4,1029638,598120
"Dicranum viride",2010,4,1027361,534293
"Podiceps auritus",2004,4,1027351,513675
"Cladonia spp. (subgenus Cladina)",2015,1,1027296,513648
"Arabis kennedyae",2004,2,1025393,650258
"Potentilla delphinensis",2004,1,1012212,463101
"Calandrella brachydactyla",1997,4,1005602,489028
"Biscutella neustriaca",1999,2,1003350,524259
"Viola hispida",1999,2,1003350,524259
"Chondrostoma soetta",2012,2,990484,522369
"Buxbaumia viridis",1997,6,986076,513650
"Azorina vidalii",2009,2,984564,709803
"Gymnocephalus schraetzer",2006,4,969441,393562
"Anser albifrons flavirostris",1996,4,968091,631232
"Perdix perdix hispaniensis",2013,1,965356,482678
"Umbra krameri",2006,4,954035,491007
"Alectoris graeca whitakeri",2010,1,953600,715200
"Gobio uranoscopus",2011,3,948431,367735
"Carlina onopordifolia",2014,2,945700,509338
"Pelobates fuscus insubricus",1998,3,945428,511127
"Leiostyla cassida",2010,3,944178,470626
"Charadrius hiaticula",2018,2,940370,519847
"Larus argentatus",2020,2,935980,560639
"Caseolus calculus",2010,3,932090,465770
"Bolbelasmus unicornis",2012,2,930119,603248
"Sabanejewia aurata",2011,2,911796,386296
"Phyllodactylus europaeus",1998,4,908372,454186
"Rana temporaria",2011,3,902381,467900
"Larus minutus",2005,3,891733,445865
"Lotus azoricus",2018,1,878788,659091
"Fulica cristata",1999,2,870236,435118
"Balaenoptera physalus",2002,1,868558,434279
"Stenella coeruleoalba",2002,1,868558,434279
"Lethenteron zanandreai",2012,2,848460,440313
"Myotis nattereri",2004,6,846244,511616
"Stenobothrus eurasius",2011,2,839356,468734
"Stipa zalesskii",2011,2,839356,468734
"Acrocephalus scirpaceus",2016,3,836893,502136
"Ladigesocypris ghigii",1999,1,833537,625153
"Anas penelope",2013,3,827585,460241
"Eptesicus serotinus",2004,5,822702,528246
"Chondrostoma genei",1999,3,812731,398738
"Alca torda",2010,3,811736,448074
"Lycopodium spp.",2013,2,798455,399228
"Asphodelus bento-rainhae",1994,3,796370,592648
"Cephalozia macounii",2013,1,794693,596019
"Podiceps nigricollis",2014,1,794508,317803
"Ficedula parva",2005,5,781465,484655
"Strix uralensis",2010,2,779583,397691
"Ophrys lunulata",1999,2,770858,401114
"Natrix tessellata",2009,2,770500,385250
"Porphyrio porphyrio",1998,2,767639,411621
"Gavia stellata",2005,4,767009,383133
"Melanargia arge",2011,1,754956,566217
"Agathidium pulchellum",2015,1,747987,373994
"Martes martes",2013,1,746227,373113
"Mustela putorius",2013,1,746227,373113
"Minuartia smejkalii",2016,1,735940,551954
"Ardea cinerea",2010,3,726867,400423
"Bucanetes githagineus",2001,1,717181,502027
"Helianthemum alypoides",2001,1,717181,502027
"Scilla morrisii",2004,2,708558,417366
"Muscari gussonei",2012,1,707876,353878
"Lagopus lagopus",2015,1,703894,525178
"Columba trocaz",1994,3,680666,388244
"Discus defloratus",2001,1,680000,340000
"Gladiolus palustris",2017,1,671372,473875
"Iris humilis subsp. arenaria",2017,1,671372,473875
"Rana esculenta",2013,2,670180,361840
"Larus fuscus",2014,2,657846,379366
"Fratercula arctica",2014,2,654766,369589
"Puffinus puffinus",2014,2,654766,369589
"Aythya marila",2018,1,647804,388682
"Mergus serrator",2018,1,647804,388682
"Muscardinus avellanarius",2014,1,641356,320678
"Chionodoxa lochiae",2004,1,637819,382692
"Pinguicula crystallina",2004,1,637819,382692
"Anthyllis hystrix",2001,2,633848,327818
"Paeonia cambessedesii",2001,2,633848,327818
"Vicia bifoliolata",2001,2,633848,327818
"Melanocorypha calandra",1996,5,629790,316466
"Phalaropus lobatus",2001,3,623799,359149
"Limonium sventenii",2009,2,621299,310650
"Picconia azorica",1994,3,619548,435916
"Marsilea strigosa",1999,3,618706,377696
"Erebia christi",2003,1,611000,305500
"Ablepharus kitaibelii",2013,2,608546,304273
"Phengaris arion",2014,1,607879,455544
"Morimus funereus",2007,2,602661,360604
"Jynx torquilla",2014,1,602500,293538
"Saxicola rubetra",2014,1,602500,293538
"Anser anser",2013,2,601847,347372
"Saxifraga tombeanensis",1998,1,599981,299990
"Jurinea cyanoides",1997,1,599465,239786
"Podarcis muralis",2011,1,596369,298184
"Uria aalge",2010,2,588518,336465
"Discoglossus sardus",2001,2,583594,291797
"Mauremys leprosa",1994,4,582110,300294
"Cricetus cricetus",2014,1,576249,432186
"Sicista subtilis",2014,1,576249,432186
"Globicephala macrorhynchus",2000,2,570197,285098
"Gavia arctica",2005,3,561766,280882
"Rhinolophus mehelyi",1997,6,551340,297549
"Falco columbarius",1996,4,546168,231263
"Pelecanus onocrotalus",2016,2,543062,380672
"Accipiter gentilis arrigonii",1997,3,535960,299006
"Unio elongatulus",2010,2,526554,263256
"Halimium verticillatum",1999,1,509961,382470
"Leuzea longifolia",1999,1,509961,382470
"Dendrocopos major canariensis",1997,1,492623,369467
"Aeshna viridis",2013,1,492246,246123
"Chondrostoma polylepis",2014,1,485810,242905
"Rutilus alburnoides",2014,1,485810,242905
"Rutilus arcasii",2014,1,485810,242905
"Rutilus lemmingii",2014,1,485810,242905
"Larus michahellis",2011,2,483405,236418
"Riella helicophylla",1996,4,480176,274646
"Crambe tataria",2020,1,479956,359966
"Dianthus lumnitzeri",2020,1,479956,359966
"Ferula sadleriana",2020,1,479956,359966
"Linum dolomiticum",2020,1,479956,359966
"Tephroseris longifolia subsp. moravica",2020,1,479956,359966
"Vincetoxicum pannonicum",2020,1,479956,359966
"Felis silvestris",2010,2,477729,238864
"Tadorna tadorna",2020,1,464487,278692
"Nyctalus leisleri",2004,4,463666,251750
"Myotis daubentonii",1997,4,455964,248529
"Myotis brandtii",2017,2,452841,304331
"Convolvulus fernandesii",1994,4,450636,291478
"Phalacrocorax aristotelis",2013,3,447371,222990
"Epidalea calamita",2016,1,446548,267567
"Leucorrhinia albifrons",2016,1,446548,267567
"Proteus anguinus",2007,2,434111,229791
"Plecotus auritus",2004,3,433181,237138
"Arctophila fulva",1995,1,432600,216300
"Puccinellia phryganodes",1995,1,432600,216300
"Fulmarus glacialis",2021,1,431548,257980
"Phalacrocorax aristotelis aristotelis",2021,1,431548,257980
"Rissa tridactyla",2021,1,431548,257980
"Chondrostoma toxostoma",2015,1,428482,257089
"Cottus aturi",2015,1,428482,257089
"Meesia longiseta",2006,2,427020,213139
"Ranunculus lapponicus",2006,2,427020,213139
"Lotus callis-viridis",2013,1,426404,213202
"Adenophora lilifolia",2012,1,422023,295244
"Anisus vorticulus",2007,2,420651,259549
"Rallus aquaticus",2014,2,412418,219341
"Sphagnum pylaesii",2021,1,411978,247186
"Artemisia campestris subsp. bottnica",2011,1,406057,203028
"Cinna latifolia",2011,1,406057,203028
"Cynodontium suecicum",2011,1,406057,203028
"Lanius excubitor",2009,1,400999,200500
"Hoplopterus spinosus",2012,1,398535,199268
"Lopinga achine",2002,3,390842,225206
"Carabus variolosus",2013,2,388127,194063
"Astragalus macrocarpus subsp. lefkarensis",2010,1,387574,267566
"Centaurea akamantis",2010,1,387574,267566
"Ophrys kotschyi",2010,1,387574,267566
"Erica scoparia subsp. azorica",2009,2,386048,260916
"Frangula azorica",2009,2,386048,260916
"Culcita macrocarpa",1998,2,374515,278580
"Ardea alba",2020,1,370412,222196
"Calidris pugnax",2020,1,370412,222196
"Thalasseus sandvicensis",2020,1,370412,222196
"Anas strepera",2013,2,366217,183109
"Helianthemum caput-felis",1996,2,357788,213452
"Silene hifacensis",1996,2,357788,213452
"Teucrium lepicephalum",1996,2,357788,213452
"Nyctalus lasiopterus",2005,2,343956,221415
"Hamatocaulis vernicosus",2010,1,340674,170337
"Vertigo genesii",2010,1,340674,170337
"Armeria rouyana",1994,3,340054,236187
"Linaria ficalhoana",1994,3,340054,236187
"Thymus camphoratus",1994,3,340054,236187
"Encalypta mutica",2014,1,338715,253755
"Tortella rigens",2014,1,338715,253755
"Myrica rivas-martinezii",1998,2,338554,206681
"Sambucus palmensis",1998,2,338554,206681
"Larus ridibundus",2013,1,337536,168613
"Pytho kolwensis",2018,1,336243,201746
"Bombina pachipus",2010,1,325000,156525
"Salamandrina perspicillata",2010,1,325000,156525
"Myotis mystacinus",2011,2,324255,182675
"Soldanella villosa",2005,1,322903,161451
"Alectoris barbara",2012,2,308052,203364
"Rutilus rubilio",2009,1,302257,151100
"Oxygastra curtisii",2004,3,302129,181023
"Motacilla citreola",2014,1,301900,150950
"Rhinolophus blasii",2001,4,301236,172497
"Apus apus",2012,1,296250,148125
"Delichon urbica",2012,1,296250,148125
"Vespertilio murinus",2012,1,296250,148125
"Veronica oetaea",2012,1,291807,218307
"Tadarida teniotis",2004,3,291619,145809
"Plecotus austriacus",1997,3,291268,194375
"Anser brachyrhynchus",2013,1,288085,144042
"Chamaemeles coriacea",1999,3,287127,176154
"Cirsium brachycephalum",2011,1,284866,213621
"Limonium lanceolatum",1998,1,284498,199149
"Myosotis lusitanica",1998,1,284498,199149
"Narcissus fernandesii",1998,1,284498,199149
"Thymus capitellatus",1998,1,284498,199149
"Ammi trifoliatum",2013,1,280272,210204
"Arceuthobium azoricum",2013,1,280272,210204
"Chaerophyllum azoricum",2013,1,280272,210204
"Prunus lusitanica subsp. azorica",2013,1,280272,210204
"Rumex azoricus",2013,1,280272,210204
"Elaphe quatuorlineata",2010,1,277833,138666
"Elaphe situla",2010,1,277833,138666
"Emberiza schoeniclus",2017,1,276261,203024
"Panurus biarmicus",2017,1,276261,203024
"Cephalanthera cucullata",1999,2,272388,175012
"Centaurea corymbosa",1997,1,272042,136021
"Gomphus graslinii",2004,2,271698,165807
"Macromia splendens",2004,2,271698,165807
"Hieraaetus pennatus",2005,2,267716,133858
"Armeria helodes",2006,1,264500,105800
"Erucastrum palustre",2006,1,264500,105800
"Euphrasia marchesettii",2006,1,264500,105800
"Discoglossus jeanneae",2005,1,261937,130968
"Pelobates cultripes",2005,1,261937,130968
"Ribes sardoum",2012,1,258747,129373
"Puffinus assimilis baroli",2009,3,258659,126183
"Omphalodes littoralis",2006,1,257715,154629
"Rumex rupestris",2006,1,257715,154629
"Erysimum pieninicum",2013,1,255308,127654
"Triturus montandoni",2013,1,255308,127654
"Cochlearia polonica",2012,1,254405,127203
"Aldrovanda vesiculosa",2012,1,253901,126950
"Phoxinellus stymphalicus",2013,1,251661,125831
"Coenonympha oedippus",2002,2,249714,134029
"Adonis distorta",2016,1,247319,148391
"Androsace mathildae",2016,1,247319,148391
"Astragalus aquilanus",2016,1,247319,148391
"Iris marsica",2016,1,247319,148391
"Klasea lycopifolia",2016,1,247319,148391
"Senecio jacobaea ssp. gotlandicus",2016,1,247319,148391
"Bubulcus ibis",2010,1,240317,120158
"Pelecus cultratus",2005,2,235370,134088
"Myotis alcathoe",2018,1,223174,132134
"Pipistrellus nathusii",2018,1,223174,132134
"Carabus (variolosus) nodulosus",2009,1,222163,111082
"Saxifraga berica",2010,1,218614,109307
"Hyla meridionalis",2010,1,218516,109258
"Triturus italicus",2010,1,218516,109258
"Aconitum corsicum",1994,1,212500,106250
"Anchusa crispa",1994,1,212500,106250
"Naufraga balearica",1994,1,212500,106250
"Silene velutina",1994,1,212500,106250
"Salamandra aurorae",2005,1,210446,105223
"Convolvulus massonii",1999,2,204983,135357
"Huso huso",2016,1,204053,122421
"Sabanejewia larvata",2016,1,204053,122421
"Aconitum firmum subsp. moravicum",2013,1,203377,101688
"Campanula serrata",2013,1,203377,101688
"Microtus tatricus",2013,1,203377,101688
"Hippolais olivetorum",2006,1,202790,101395
"Romanichthys valsanicola",1999,1,201208,150906
"Microtus cabrerae",2013,1,197746,148310
"Thorella verticillatinundata",2013,1,197746,148310
"Dendriopoterium pulidoi",2009,1,194895,97448
"Helianthemum bystropogophyllum",2009,1,194895,97448
"Isoplexis isabelliana",2009,1,194895,97448
"Teline rosmarinifolia",2009,1,194895,97448
"Cistus chinamadensis",2014,1,188937,94468
"Euphorbia lambii",2014,1,188937,94468
"Limonium dendroides",2014,1,188937,94468
"Alectoris graeca",2013,1,184750,92375
"Otus scops",2013,1,183693,137770
"Halichoerus grypus",2005,1,183019,91509
"Phoca hispida botnica",2005,1,183019,91509
"Polysticta stelleri",2005,1,183019,91509
"Anguis fragilis",2011,1,181985,90907
"Bufo bufo",2011,1,181985,90907
"Hierophis viridiflavus",2011,1,181985,90907
"Hyla intermedia",2011,1,181985,90907
"Lacerta bilineata",2011,1,181985,90907
"Martes foina",2011,1,181985,90907
"Meles meles",2011,1,181985,90907
"Mustela nivalis",2011,1,181985,90907
"Zamenis longissimus",2011,1,181985,90907
"Stenella frontalis",2000,1,172660,86330
"Linaria ricardoi",1994,3,166138,92329
"Tuberaria major",1994,3,166138,92329
"Testudo graeca",2005,2,164927,82464
"Gymnocephalus baloni",2015,1,164032,98419
"Cepphus grylle",2010,1,156970,78485
"Clangula hyemalis",2010,1,156970,78485
"Coregonus lavaretus",2010,1,156970,78485
"Melanitta fusca",2010,1,156970,78485
"Jonopsidium acaule",1994,3,155346,86933
"Androcymbium rechingeri",2004,1,155275,116456
"Anthemis glaberrima",2004,1,155275,116456
"Bupleurum kakiskalae",2004,1,155275,116456
"Hypericum aciferum",2004,1,155275,116456
"Nepeta sphaciotica",2004,1,155275,116456
"Herniaria lusitanica ssp. berlengiana",2014,1,153414,76707
"Narcissus bulbocodium",2014,1,153414,76707
"Scrophularia sublyrata",2014,1,153414,76707
"Uria aalge ibericus",2014,1,153414,76707
"Monizia edulis",2010,2,152883,75471
"Graellsia isabellae",2004,1,151866,75933
"Chioglossa lusitanica",1994,3,149799,105414
"Dorycnium spectabile",1998,1,149617,112213
"Isoplexis chalcantha",1998,1,149617,112213
"Buteo rufinus",2017,1,147082,101830
"Acrocephalus melanopogon",2013,1,137360,68680
"Caseolus commixta",1998,2,135010,67230
"Idiomela subplicata",1998,2,135010,67230
"Aichryson dumosum",1999,1,134244,100683
"Andryala crithmifolia",1999,1,134244,100683
"Cheirolophus massonianus",1999,1,134244,100683
"Geranium maderense",1999,1,134244,100683
"Jasminum azoricum",1999,1,134244,100683
"Pittosporum coriaceum",1999,1,134244,100683
"Galerida theklae",2001,2,129931,80306
"Diplotaxis ibicensis",1996,1,127400,63700
"Marsilea batardae",1996,1,127400,63700
"Androsace pyrenaica",1997,2,122388,61194
"Boleum asperum",1997,2,122388,61194
"Borderea chouardii",1997,2,122388,61194
"Centaurea pinnata",1997,2,122388,61194
"Lythrum flexuosum",1997,2,122388,61194
"Orthotrichum rogeri",1997,2,122388,61194
"Petrocoptis montsicciana",1997,2,122388,61194
"Petrocoptis pseudoviscosa",1997,2,122388,61194
"Puccinellia pungens",1997,2,122388,61194
"Sideritis javalambrensis",1997,2,122388,61194
"Origanum dictamnus",1999,1,117113,58556
"Zelkova abelicea",1999,1,117113,58556
"Narcissus scaberulus",2002,1,110582,55291
"Omphalodes kuzinskyanae",2002,1,110582,55291
"Plantago algarbiensis",2002,1,110582,55291
"Plantago almogravensis",2002,1,110582,55291
"Apium bermejoi",2001,1,108944,65366
"Centaurea balearica",2001,1,108944,65366
"Daphne rodriguezii",2001,1,108944,65366
"Salamandra atra",2004,1,108926,54463
"Myosotis maritima",2009,1,105776,50712
"Rana ridibunda",2011,1,101081,50541
"Asplenium hemionitis",2004,1,99790,49895
"Herniaria maritima",2004,1,99790,49895
"Verbascum litigiosum",2004,1,99790,49895
"Anthyllis lemanniana",2012,1,94232,45653
"Berberis maderensis",2012,1,94232,45653
"Bunium brevifolium",2012,1,94232,45653
"Deschampsia maderensis",2012,1,94232,45653
"Echium candicans",2012,1,94232,45653
"Melanoselinum decipiens",2012,1,94232,45653
"Odontites holliana",2012,1,94232,45653
"Orchis scopulorum",2012,1,94232,45653
"Plantago malato-belizii",2012,1,94232,45653
"Sorbus maderensis",2012,1,94232,45653
"Viola paradoxa",2012,1,94232,45653
"Elanus caeruleus",2004,1,92292,69219
"Arenaria nevadensis",1994,2,89992,56112
"Artemisia granatensis",1994,2,89992,56112
"Erodium astragaloides",1994,2,89992,56112
"Erodium rupicola",1994,2,89992,56112
"Laserpitium longiradium",1994,2,89992,56112
"Narcissus nevadensis",1994,2,89992,56112
"Senecio elodes",1994,2,89992,56112
"Circus macrourus",2014,1,88974,44487
"Emberiza caesia",2014,1,88974,44487
"Lanius nubicus",2014,1,88974,44487
"Oenanthe cypriaca",2014,1,88974,44487
"Sylvia melanothorax",2014,1,88974,44487
"Hamatocaulis lapponicus",2006,1,86346,42802
"Moehringia lateriflora",2006,1,86346,42802
"Surnia ulula",2006,1,86346,42802
"Brassica insularis",2013,1,84382,42191
"Centaurea horrida",2013,1,84382,42191
"Linaria flava",2013,1,84382,42191
"Sylvia sarda",2013,1,84382,42191
"Arabis sadina",2011,1,82495,61871
"Iberis procumbens subsp. microcarpa",2011,1,82495,61871
"Narcissus calcicola",2011,1,82495,61871
"Rhynchosinapis erucastrum subsp. cintrana",2011,1,82495,61871
"Silene longicilia",2011,1,82495,61871
"Discula turricula",2010,1,82144,40797
"Phagnalon benettii",2010,1,82144,40797
"Sideroxylon marmulano",2010,1,82144,40797
"Coluber cypriensis",2010,1,77563,38781
"Mauremys caspica",2010,1,77563,38781
"Natrix natrix cypriaca",2010,1,77563,38781
"Pipistrellus savii",2010,1,77563,38781
"Rousettus aegyptiacus",2010,1,77563,38781
"Centaurea gadorensis",1999,1,75874,45524
"Erigeron frigidus",1999,1,75874,45524
"Odontites granatensis",1999,1,75874,45524
"Senecio nevadensis",1999,1,75874,45524
"Numenius phaeopus",2015,1,75013,37507
"Linaria loeselii",2005,1,71338,35669
"Beta patula",2013,1,70739,34674
"Calendula maderensis",2013,1,70739,34674
"Discus guerinianus",2013,1,70739,34674
"Leiostyla lamellosa",2013,1,70739,34674
"Maytenus umbellata",2013,1,70739,34674
"Musschia aurea",2013,1,70739,34674
"Phalaris maderensis",2013,1,70739,34674
"Pipistrellus maderensis",2013,1,70739,34674
"Scilla maderensis",2013,1,70739,34674
"Gobio kessleri",2013,1,68510,34255
"Bassia saxicola",1999,1,62982,47236
"Cytisus aeolicus",1999,1,62982,47236
"Silene hicesiae",1999,1,62982,47236
"Lagopus mutus helveticus",1999,2,56387,34193
"Leptodirus hochenwarti",2007,1,55775,40623
"Armeria velutina",1994,2,55556,37038
"Astragalus algarbiensis",1994,2,55556,37038
"Lacerta monticola",1994,2,55556,37038
"Lacerta schreiberi",1994,2,55556,37038
"Ononis hackelii",1994,2,55556,37038
"Silene rothmaleri",1994,2,55556,37038
"Discoglossus montalentii",2001,1,55309,27654
"Sitta whiteheadi",2001,1,55309,27654
"Agrimonia pilosa",2006,2,53927,34863
"Caseolus sphaerula",1998,1,52866,26433
"Androsace cylindrica",2013,1,50468,25234
"Arnica montana",2013,1,50468,25234
"Erodium paularense",2013,1,50468,25234
"Galanthus nivalis",2013,1,50468,25234
"Gentiana lutea",2013,1,50468,25234
"Narcissus triandrus",2013,1,50468,25234
"Ruscus aculeatus",2013,1,50468,25234
"Alectoris graeca saxatilis",1999,1,44387,22193
"Moehringia tommasinii",2002,1,36687,27515
"Zerynthia polyxena",2002,1,36687,27515
"Atropa baetica",1994,1,14118,10588
"Centaurea citricolor",1994,1,14118,10588
"Coronopus navasii",1994,1,14118,10588
"Diplotaxis siettiana",1994,1,14118,10588
"Jurinea fontqueri",1994,1,14118,10588
"Linaria tursica",1994,1,14118,10588
"Lithodora nitida",1994,1,14118,10588
"Reseda decursiva",1994,1,14118,10588
"Seseli intricatum",1994,1,14118,10588
"Lagopus mutus pyrenaicus",2002,1,12000,12000
